[Audit] BenchmarkStart: name=tether.dl, benchDir=synthesis-benchmark/tether
[Audit] InputSpecFiles: schema=synthesis-benchmark/tether/schema.dl, rules=synthesis-benchmark/tether/rules.dl, properties=synthesis-benchmark/tether/properties.dl
[Audit] ForbidConfig: global=<none>, perBenchmark=synthesis-benchmark/tether/forbid.json
[Audit] LeakageCheck: synthesizer consumes specification + BMC counterexamples only; it does not load synthesized outputs as supervision labels.
[Audit] OutputTargets: datalogOut=synthesis-output/tether.dl, stats=synthesis-output/synthesis_stats.csv
[tether.dl] BenchmarkStart: program=Tether, maxBound=5, maxIters=120, maxSolutionsPerStep=20
[tether.dl] SeededPredicatesFromTxProperties: Map(issue(p,n) :- recv_issue(p,n). -> Set(Predicate(context: tx: recv_issue(_,_), bindings: [owner(o), msgSender(s)], functor: s==o)), destroyBlackFund(p,n) :- recv_destroyBlackFund(p,n). -> Set(Predicate(context: tx: recv_destroyBlackFund(_,_), bindings: [owner(o), msgSender(s)], functor: s==o)), addBlackList(p) :- recv_addBlackList(p). -> Set(Predicate(context: tx: recv_addBlackList(_), bindings: [owner(o), msgSender(s)], functor: o==s)), redeem(p,n) :- recv_redeem(p,n). -> Set(Predicate(context: tx: recv_redeem(_,_), bindings: [owner(o), msgSender(s)], functor: s==o)))
[tether.dl] InitialTransactionRules:
addBlackList(p) :- recv_addBlackList(p),owner(o),msgSender(s),o==s.
transfer(s,r,n) :- recv_transfer(s,r,n).
redeem(p,n) :- recv_redeem(p,n),owner(o),msgSender(s),s==o.
issue(p,n) :- recv_issue(p,n),owner(o),msgSender(s),s==o.
destroyBlackFund(p,n) :- recv_destroyBlackFund(p,n),owner(o),msgSender(s),s==o.
increaseAllowance(o,s,d) :- recv_increaseAllowance(o,s,d).
transferFrom(o,r,s,n) :- recv_transferFrom(o,r,s,n).
[tether.dl] Iteration#0 ProgramBeforeBMC:
addBlackList(p) :- recv_addBlackList(p),owner(o),msgSender(s),o==s.
transfer(s,r,n) :- recv_transfer(s,r,n).
redeem(p,n) :- recv_redeem(p,n),owner(o),msgSender(s),s==o.
issue(p,n) :- recv_issue(p,n),owner(o),msgSender(s),s==o.
destroyBlackFund(p,n) :- recv_destroyBlackFund(p,n),owner(o),msgSender(s),s==o.
increaseAllowance(o,s,d) :- recv_increaseAllowance(o,s,d).
transferFrom(o,r,s,n) :- recv_transferFrom(o,r,s,n).
[tether.dl] Iteration#0 BMCInput: bound=5, violationRules=blacklistedTransfer,negativeAllowance,negativeBalance,unauthorizedAddBlackList,unauthorizedDestroyBlackFund,unauthorizedIssue,unauthorizedRedeem,unequalBalance
[BMC] TransitionSystemReady: program=Tether
[BMC] TemporalSpec(state): rule=negativeAllowance, formula=(and (= (select allowance (allowance_keyTuple kv_s kv_p)) kv_n)
     (select allowance__exists (allowance_keyTuple kv_s kv_p))
     (not (<= 0 kv_n))
     (not (= kv_s 0))
     (not (= kv_p 0)))
[BMC] TemporalSpec(state): rule=unequalBalance, formula=(and (= totalBalances kv_s) (= totalSupply kv_n) (not (= kv_s kv_n)))
[BMC] TemporalSpec(state): rule=negativeBalance, formula=(and (= (select balanceOf kv_p) kv_n)
     (select balanceOf__exists kv_p)
     (not (<= 0 kv_n))
     (not (= kv_p 0)))
[BMC] TemporalSpec(state): rule=blacklistedTransfer, formula=(and (= onceBlacklistedTransfer kv_b) kv_b)
[BMC] TemporalSpec(tx): rule=unauthorizedIssue, formula=(and (or (= recv_issue0 1))
     (= owner kv_o)
     (= msgSender kv_s)
     (not (= kv_s kv_o)))
[BMC] TemporalSpec(tx): rule=unauthorizedDestroyBlackFund, formula=(and (or (= recv_destroyBlackFund0 1))
     (= owner kv_o)
     (= msgSender kv_s)
     (not (= kv_s kv_o)))
[BMC] TemporalSpec(tx): rule=unauthorizedAddBlackList, formula=(and (or (= recv_addBlackList0 1))
     (= owner kv_o)
     (= msgSender kv_s)
     (not (= kv_o kv_s)))
[BMC] TemporalSpec(tx): rule=unauthorizedRedeem, formula=(and (or (= recv_redeem0 1))
     (= owner kv_o)
     (= msgSender kv_s)
     (not (= kv_s kv_o)))
[BMC] CheckBound: k=1
[BMC] SolverResult: rule=unauthorizedRedeem, k=1, result=UNSATISFIABLE
[BMC] SolverResult: rule=unauthorizedAddBlackList, k=1, result=UNSATISFIABLE
[BMC] SolverResult: rule=unauthorizedDestroyBlackFund, k=1, result=UNSATISFIABLE
[BMC] SolverResult: rule=unauthorizedIssue, k=1, result=UNSATISFIABLE
[BMC] SolverResult: rule=negativeAllowance, k=1, result=SATISFIABLE
[BMC] CounterexampleFound: rule=negativeAllowance, k=1
[BMC] CounterexampleReturned: rule=negativeAllowance, k=1
[tether.dl] Iteration#0 Counterexample:
Trace:
[0] constructor(0) [msgSender: 0, value: 0]
[1] recv_increaseAllowance(address(4),address(5),-1) [msgSender: 0, value: 0]
[tether.dl] Iteration#0 RestrictedSolveStatus: relation=recv_increaseAllowance, status=SAT
[tether.dl] Iteration#0 ProgramAfterRestrictedSynthesis:
addBlackList(p) :- recv_addBlackList(p),owner(o),msgSender(s),o==s.
transfer(s,r,n) :- recv_transfer(s,r,n).
redeem(p,n) :- recv_redeem(p,n),owner(o),msgSender(s),s==o.
increaseAllowance(o,s,d) :- recv_increaseAllowance(o,s,d),d>0.
issue(p,n) :- recv_issue(p,n),owner(o),msgSender(s),s==o.
destroyBlackFund(p,n) :- recv_destroyBlackFund(p,n),owner(o),msgSender(s),s==o.
transferFrom(o,r,s,n) :- recv_transferFrom(o,r,s,n).
[tether.dl] Iteration#0 SynthesisResult: updated
[tether.dl] Iteration#1 ProgramBeforeBMC:
addBlackList(p) :- recv_addBlackList(p),owner(o),msgSender(s),o==s.
transfer(s,r,n) :- recv_transfer(s,r,n).
redeem(p,n) :- recv_redeem(p,n),owner(o),msgSender(s),s==o.
increaseAllowance(o,s,d) :- recv_increaseAllowance(o,s,d),d>0.
issue(p,n) :- recv_issue(p,n),owner(o),msgSender(s),s==o.
destroyBlackFund(p,n) :- recv_destroyBlackFund(p,n),owner(o),msgSender(s),s==o.
transferFrom(o,r,s,n) :- recv_transferFrom(o,r,s,n).
[tether.dl] Iteration#1 BMCInput: bound=5, violationRules=blacklistedTransfer,negativeAllowance,negativeBalance,unauthorizedAddBlackList,unauthorizedDestroyBlackFund,unauthorizedIssue,unauthorizedRedeem,unequalBalance
[BMC] TransitionSystemReady: program=Tether
[BMC] TemporalSpec(state): rule=negativeAllowance, formula=(and (= (select allowance (allowance_keyTuple kv_s kv_p)) kv_n)
     (select allowance__exists (allowance_keyTuple kv_s kv_p))
     (not (<= 0 kv_n))
     (not (= kv_s 0))
     (not (= kv_p 0)))
[BMC] TemporalSpec(state): rule=unequalBalance, formula=(and (= totalBalances kv_s) (= totalSupply kv_n) (not (= kv_s kv_n)))
[BMC] TemporalSpec(state): rule=negativeBalance, formula=(and (= (select balanceOf kv_p) kv_n)
     (select balanceOf__exists kv_p)
     (not (<= 0 kv_n))
     (not (= kv_p 0)))
[BMC] TemporalSpec(state): rule=blacklistedTransfer, formula=(and (= onceBlacklistedTransfer kv_b) kv_b)
[BMC] TemporalSpec(tx): rule=unauthorizedIssue, formula=(and (or (= recv_issue0 1))
     (= owner kv_o)
     (= msgSender kv_s)
     (not (= kv_s kv_o)))
[BMC] TemporalSpec(tx): rule=unauthorizedDestroyBlackFund, formula=(and (or (= recv_destroyBlackFund0 1))
     (= owner kv_o)
     (= msgSender kv_s)
     (not (= kv_s kv_o)))
[BMC] TemporalSpec(tx): rule=unauthorizedAddBlackList, formula=(and (or (= recv_addBlackList0 1))
     (= owner kv_o)
     (= msgSender kv_s)
     (not (= kv_o kv_s)))
[BMC] TemporalSpec(tx): rule=unauthorizedRedeem, formula=(and (or (= recv_redeem0 1))
     (= owner kv_o)
     (= msgSender kv_s)
     (not (= kv_s kv_o)))
[BMC] CheckBound: k=1
[BMC] SolverResult: rule=unauthorizedRedeem, k=1, result=UNSATISFIABLE
[BMC] SolverResult: rule=unauthorizedAddBlackList, k=1, result=UNSATISFIABLE
[BMC] SolverResult: rule=unauthorizedDestroyBlackFund, k=1, result=UNSATISFIABLE
[BMC] SolverResult: rule=unauthorizedIssue, k=1, result=UNSATISFIABLE
[BMC] SolverResult: rule=negativeAllowance, k=1, result=UNSATISFIABLE
[BMC] SolverResult: rule=unequalBalance, k=1, result=UNSATISFIABLE
[BMC] SolverResult: rule=negativeBalance, k=1, result=SATISFIABLE
[BMC] CounterexampleFound: rule=negativeBalance, k=1
[BMC] CounterexampleReturned: rule=negativeBalance, k=1
[tether.dl] Iteration#1 Counterexample:
Trace:
[0] constructor(0) [msgSender: 3, value: 0]
[1] recv_issue(address(4),-1) [msgSender: 3, value: 0]
[tether.dl] Iteration#1 RestrictedSolveStatus: relation=recv_issue, status=SAT
[tether.dl] Iteration#1 ProgramAfterRestrictedSynthesis:
addBlackList(p) :- recv_addBlackList(p),owner(o),msgSender(s),o==s.
transfer(s,r,n) :- recv_transfer(s,r,n).
redeem(p,n) :- recv_redeem(p,n),owner(o),msgSender(s),s==o.
increaseAllowance(o,s,d) :- recv_increaseAllowance(o,s,d),d>0.
issue(p,n) :- msgSender(s),n>0,recv_issue(p,n),owner(o),s==o.
destroyBlackFund(p,n) :- recv_destroyBlackFund(p,n),owner(o),msgSender(s),s==o.
transferFrom(o,r,s,n) :- recv_transferFrom(o,r,s,n).
[tether.dl] Iteration#1 SynthesisResult: updated
[tether.dl] Iteration#2 ProgramBeforeBMC:
addBlackList(p) :- recv_addBlackList(p),owner(o),msgSender(s),o==s.
transfer(s,r,n) :- recv_transfer(s,r,n).
redeem(p,n) :- recv_redeem(p,n),owner(o),msgSender(s),s==o.
increaseAllowance(o,s,d) :- recv_increaseAllowance(o,s,d),d>0.
issue(p,n) :- msgSender(s),n>0,recv_issue(p,n),owner(o),s==o.
destroyBlackFund(p,n) :- recv_destroyBlackFund(p,n),owner(o),msgSender(s),s==o.
transferFrom(o,r,s,n) :- recv_transferFrom(o,r,s,n).
[tether.dl] Iteration#2 BMCInput: bound=5, violationRules=blacklistedTransfer,negativeAllowance,negativeBalance,unauthorizedAddBlackList,unauthorizedDestroyBlackFund,unauthorizedIssue,unauthorizedRedeem,unequalBalance
[BMC] TransitionSystemReady: program=Tether
[BMC] TemporalSpec(state): rule=negativeAllowance, formula=(and (= (select allowance (allowance_keyTuple kv_s kv_p)) kv_n)
     (select allowance__exists (allowance_keyTuple kv_s kv_p))
     (not (<= 0 kv_n))
     (not (= kv_s 0))
     (not (= kv_p 0)))
[BMC] TemporalSpec(state): rule=unequalBalance, formula=(and (= totalBalances kv_s) (= totalSupply kv_n) (not (= kv_s kv_n)))
[BMC] TemporalSpec(state): rule=negativeBalance, formula=(and (= (select balanceOf kv_p) kv_n)
     (select balanceOf__exists kv_p)
     (not (<= 0 kv_n))
     (not (= kv_p 0)))
[BMC] TemporalSpec(state): rule=blacklistedTransfer, formula=(and (= onceBlacklistedTransfer kv_b) kv_b)
[BMC] TemporalSpec(tx): rule=unauthorizedIssue, formula=(and (or (= recv_issue0 1))
     (= owner kv_o)
     (= msgSender kv_s)
     (not (= kv_s kv_o)))
[BMC] TemporalSpec(tx): rule=unauthorizedDestroyBlackFund, formula=(and (or (= recv_destroyBlackFund0 1))
     (= owner kv_o)
     (= msgSender kv_s)
     (not (= kv_s kv_o)))
[BMC] TemporalSpec(tx): rule=unauthorizedAddBlackList, formula=(and (or (= recv_addBlackList0 1))
     (= owner kv_o)
     (= msgSender kv_s)
     (not (= kv_o kv_s)))
[BMC] TemporalSpec(tx): rule=unauthorizedRedeem, formula=(and (or (= recv_redeem0 1))
     (= owner kv_o)
     (= msgSender kv_s)
     (not (= kv_s kv_o)))
[BMC] CheckBound: k=1
[BMC] SolverResult: rule=unauthorizedRedeem, k=1, result=UNSATISFIABLE
[BMC] SolverResult: rule=unauthorizedAddBlackList, k=1, result=UNSATISFIABLE
[BMC] SolverResult: rule=unauthorizedDestroyBlackFund, k=1, result=UNSATISFIABLE
[BMC] SolverResult: rule=unauthorizedIssue, k=1, result=UNSATISFIABLE
[BMC] SolverResult: rule=negativeAllowance, k=1, result=UNSATISFIABLE
[BMC] SolverResult: rule=unequalBalance, k=1, result=UNSATISFIABLE
[BMC] SolverResult: rule=negativeBalance, k=1, result=SATISFIABLE
[BMC] CounterexampleFound: rule=negativeBalance, k=1
[BMC] CounterexampleReturned: rule=negativeBalance, k=1
[tether.dl] Iteration#2 Counterexample:
Trace:
[0] constructor(0) [msgSender: 4, value: 0]
[1] recv_redeem(address(5),1) [msgSender: 4, value: 0]
[tether.dl] Iteration#2 RestrictedSolveStatus: relation=recv_redeem, status=UNSAT
[tether.dl] Iteration#2 FallbackToFull: reason=UNSAT, relations=redeem
[tether.dl] Iteration#2 ProgramAfterFallbackSynthesis:
addBlackList(p) :- recv_addBlackList(p),owner(o),msgSender(s),o==s.
transfer(s,r,n) :- recv_transfer(s,r,n).
increaseAllowance(o,s,d) :- recv_increaseAllowance(o,s,d),d>0.
issue(p,n) :- msgSender(s),n>0,recv_issue(p,n),owner(o),s==o.
redeem(p,n) :- msgSender(s),recv_redeem(p,n),n<=balanceOf_x1,msgSender(msgSender),owner(o),balanceOf(msgSender,balanceOf_x1),s==o.
destroyBlackFund(p,n) :- recv_destroyBlackFund(p,n),owner(o),msgSender(s),s==o.
transferFrom(o,r,s,n) :- recv_transferFrom(o,r,s,n).
[tether.dl] Iteration#2 SynthesisResult: updated-by-fallback
[tether.dl] Iteration#3 ProgramBeforeBMC:
addBlackList(p) :- recv_addBlackList(p),owner(o),msgSender(s),o==s.
transfer(s,r,n) :- recv_transfer(s,r,n).
increaseAllowance(o,s,d) :- recv_increaseAllowance(o,s,d),d>0.
issue(p,n) :- msgSender(s),n>0,recv_issue(p,n),owner(o),s==o.
redeem(p,n) :- msgSender(s),recv_redeem(p,n),n<=balanceOf_x1,msgSender(msgSender),owner(o),balanceOf(msgSender,balanceOf_x1),s==o.
destroyBlackFund(p,n) :- recv_destroyBlackFund(p,n),owner(o),msgSender(s),s==o.
transferFrom(o,r,s,n) :- recv_transferFrom(o,r,s,n).
[tether.dl] Iteration#3 BMCInput: bound=5, violationRules=blacklistedTransfer,negativeAllowance,negativeBalance,unauthorizedAddBlackList,unauthorizedDestroyBlackFund,unauthorizedIssue,unauthorizedRedeem,unequalBalance
[BMC] TransitionSystemReady: program=Tether
[BMC] TemporalSpec(state): rule=negativeAllowance, formula=(and (= (select allowance (allowance_keyTuple kv_s kv_p)) kv_n)
     (select allowance__exists (allowance_keyTuple kv_s kv_p))
     (not (<= 0 kv_n))
     (not (= kv_s 0))
     (not (= kv_p 0)))
[BMC] TemporalSpec(state): rule=unequalBalance, formula=(and (= totalBalances kv_s) (= totalSupply kv_n) (not (= kv_s kv_n)))
[BMC] TemporalSpec(state): rule=negativeBalance, formula=(and (= (select balanceOf kv_p) kv_n)
     (select balanceOf__exists kv_p)
     (not (<= 0 kv_n))
     (not (= kv_p 0)))
[BMC] TemporalSpec(state): rule=blacklistedTransfer, formula=(and (= onceBlacklistedTransfer kv_b) kv_b)
[BMC] TemporalSpec(tx): rule=unauthorizedIssue, formula=(and (or (= recv_issue0 1))
     (= owner kv_o)
     (= msgSender kv_s)
     (not (= kv_s kv_o)))
[BMC] TemporalSpec(tx): rule=unauthorizedDestroyBlackFund, formula=(and (or (= recv_destroyBlackFund0 1))
     (= owner kv_o)
     (= msgSender kv_s)
     (not (= kv_s kv_o)))
[BMC] TemporalSpec(tx): rule=unauthorizedAddBlackList, formula=(and (or (= recv_addBlackList0 1))
     (= owner kv_o)
     (= msgSender kv_s)
     (not (= kv_o kv_s)))
[BMC] TemporalSpec(tx): rule=unauthorizedRedeem, formula=(and (or (= recv_redeem0 1))
     (= owner kv_o)
     (= msgSender kv_s)
     (not (= kv_s kv_o)))
[BMC] CheckBound: k=1
[BMC] SolverResult: rule=unauthorizedRedeem, k=1, result=UNSATISFIABLE
[BMC] SolverResult: rule=unauthorizedAddBlackList, k=1, result=UNSATISFIABLE
[BMC] SolverResult: rule=unauthorizedDestroyBlackFund, k=1, result=UNSATISFIABLE
[BMC] SolverResult: rule=unauthorizedIssue, k=1, result=UNSATISFIABLE
[BMC] SolverResult: rule=negativeAllowance, k=1, result=UNSATISFIABLE
[BMC] SolverResult: rule=unequalBalance, k=1, result=UNSATISFIABLE
[BMC] SolverResult: rule=negativeBalance, k=1, result=SATISFIABLE
[BMC] CounterexampleFound: rule=negativeBalance, k=1
[BMC] CounterexampleReturned: rule=negativeBalance, k=1
[tether.dl] Iteration#3 Counterexample:
Trace:
[0] constructor(0) [msgSender: 3, value: 0]
[1] recv_destroyBlackFund(address(5),1) [msgSender: 3, value: 0]
[tether.dl] Iteration#3 RestrictedSolveStatus: relation=recv_destroyBlackFund, status=UNSAT
[tether.dl] Iteration#3 FallbackToFull: reason=UNSAT, relations=destroyBlackFund
[tether.dl] Iteration#3 ProgramAfterFallbackSynthesis:
addBlackList(p) :- recv_addBlackList(p),owner(o),msgSender(s),o==s.
transfer(s,r,n) :- recv_transfer(s,r,n).
destroyBlackFund(p,n) :- msgSender(s),recv_destroyBlackFund(p,n),n<=balanceOf_x1,msgSender(msgSender),owner(o),balanceOf(msgSender,balanceOf_x1),s==o.
increaseAllowance(o,s,d) :- recv_increaseAllowance(o,s,d),d>0.
issue(p,n) :- msgSender(s),n>0,recv_issue(p,n),owner(o),s==o.
transferFrom(o,r,s,n) :- recv_transferFrom(o,r,s,n).
redeem(p,n) :- msgSender(s),recv_redeem(p,n),n<=balanceOf_x1,msgSender(msgSender),owner(o),balanceOf(msgSender,balanceOf_x1),s==o.
[tether.dl] Iteration#3 SynthesisResult: updated-by-fallback
[tether.dl] Iteration#4 ProgramBeforeBMC:
addBlackList(p) :- recv_addBlackList(p),owner(o),msgSender(s),o==s.
transfer(s,r,n) :- recv_transfer(s,r,n).
destroyBlackFund(p,n) :- msgSender(s),recv_destroyBlackFund(p,n),n<=balanceOf_x1,msgSender(msgSender),owner(o),balanceOf(msgSender,balanceOf_x1),s==o.
increaseAllowance(o,s,d) :- recv_increaseAllowance(o,s,d),d>0.
issue(p,n) :- msgSender(s),n>0,recv_issue(p,n),owner(o),s==o.
transferFrom(o,r,s,n) :- recv_transferFrom(o,r,s,n).
redeem(p,n) :- msgSender(s),recv_redeem(p,n),n<=balanceOf_x1,msgSender(msgSender),owner(o),balanceOf(msgSender,balanceOf_x1),s==o.
[tether.dl] Iteration#4 BMCInput: bound=5, violationRules=blacklistedTransfer,negativeAllowance,negativeBalance,unauthorizedAddBlackList,unauthorizedDestroyBlackFund,unauthorizedIssue,unauthorizedRedeem,unequalBalance
[BMC] TransitionSystemReady: program=Tether
[BMC] TemporalSpec(state): rule=negativeAllowance, formula=(and (= (select allowance (allowance_keyTuple kv_s kv_p)) kv_n)
     (select allowance__exists (allowance_keyTuple kv_s kv_p))
     (not (<= 0 kv_n))
     (not (= kv_s 0))
     (not (= kv_p 0)))
[BMC] TemporalSpec(state): rule=unequalBalance, formula=(and (= totalBalances kv_s) (= totalSupply kv_n) (not (= kv_s kv_n)))
[BMC] TemporalSpec(state): rule=negativeBalance, formula=(and (= (select balanceOf kv_p) kv_n)
     (select balanceOf__exists kv_p)
     (not (<= 0 kv_n))
     (not (= kv_p 0)))
[BMC] TemporalSpec(state): rule=blacklistedTransfer, formula=(and (= onceBlacklistedTransfer kv_b) kv_b)
[BMC] TemporalSpec(tx): rule=unauthorizedIssue, formula=(and (or (= recv_issue0 1))
     (= owner kv_o)
     (= msgSender kv_s)
     (not (= kv_s kv_o)))
[BMC] TemporalSpec(tx): rule=unauthorizedDestroyBlackFund, formula=(and (or (= recv_destroyBlackFund0 1))
     (= owner kv_o)
     (= msgSender kv_s)
     (not (= kv_s kv_o)))
[BMC] TemporalSpec(tx): rule=unauthorizedAddBlackList, formula=(and (or (= recv_addBlackList0 1))
     (= owner kv_o)
     (= msgSender kv_s)
     (not (= kv_o kv_s)))
[BMC] TemporalSpec(tx): rule=unauthorizedRedeem, formula=(and (or (= recv_redeem0 1))
     (= owner kv_o)
     (= msgSender kv_s)
     (not (= kv_s kv_o)))
[BMC] CheckBound: k=1
[BMC] SolverResult: rule=unauthorizedRedeem, k=1, result=UNSATISFIABLE
[BMC] SolverResult: rule=unauthorizedAddBlackList, k=1, result=UNSATISFIABLE
[BMC] SolverResult: rule=unauthorizedDestroyBlackFund, k=1, result=UNSATISFIABLE
[BMC] SolverResult: rule=unauthorizedIssue, k=1, result=UNSATISFIABLE
[BMC] SolverResult: rule=negativeAllowance, k=1, result=UNSATISFIABLE
[BMC] SolverResult: rule=unequalBalance, k=1, result=UNSATISFIABLE
[BMC] SolverResult: rule=negativeBalance, k=1, result=UNSATISFIABLE
[BMC] SolverResult: rule=blacklistedTransfer, k=1, result=UNSATISFIABLE
[BMC] CheckBound: k=2
[BMC] SolverResult: rule=unauthorizedRedeem, k=2, result=UNSATISFIABLE
[BMC] SolverResult: rule=unauthorizedAddBlackList, k=2, result=UNSATISFIABLE
[BMC] SolverResult: rule=unauthorizedDestroyBlackFund, k=2, result=UNSATISFIABLE
[BMC] SolverResult: rule=unauthorizedIssue, k=2, result=UNSATISFIABLE
[BMC] SolverResult: rule=negativeAllowance, k=2, result=SATISFIABLE
[BMC] CounterexampleFound: rule=negativeAllowance, k=2
[BMC] CounterexampleReturned: rule=negativeAllowance, k=2
[tether.dl] Iteration#4 Counterexample:
Trace:
[0] constructor(0) [msgSender: 2, value: 0]
[1] recv_addBlackList(address(8)) [msgSender: 2, value: 0]
[2] recv_transferFrom(address(8),address(8),address(9),4426) [msgSender: 0, value: 0]
[tether.dl] Iteration#4 RestrictedSolveStatus: relation=recv_transferFrom, status=UNSAT
[tether.dl] Iteration#4 FallbackToFull: reason=UNSAT, relations=transferFrom
[tether.dl] Iteration#4 ProgramAfterFallbackSynthesis:
addBlackList(p) :- recv_addBlackList(p),owner(o),msgSender(s),o==s.
transfer(s,r,n) :- recv_transfer(s,r,n).
destroyBlackFund(p,n) :- msgSender(s),recv_destroyBlackFund(p,n),n<=balanceOf_x1,msgSender(msgSender),owner(o),balanceOf(msgSender,balanceOf_x1),s==o.
increaseAllowance(o,s,d) :- recv_increaseAllowance(o,s,d),d>0.
issue(p,n) :- msgSender(s),n>0,recv_issue(p,n),owner(o),s==o.
transferFrom(o,r,s,n) :- recv_transferFrom(o,r,s,n),allowance(o,r,allowance_x2),0!=allowance_x2.
redeem(p,n) :- msgSender(s),recv_redeem(p,n),n<=balanceOf_x1,msgSender(msgSender),owner(o),balanceOf(msgSender,balanceOf_x1),s==o.
[tether.dl] Iteration#4 SynthesisResult: updated-by-fallback
[tether.dl] Iteration#5 ProgramBeforeBMC:
addBlackList(p) :- recv_addBlackList(p),owner(o),msgSender(s),o==s.
transfer(s,r,n) :- recv_transfer(s,r,n).
destroyBlackFund(p,n) :- msgSender(s),recv_destroyBlackFund(p,n),n<=balanceOf_x1,msgSender(msgSender),owner(o),balanceOf(msgSender,balanceOf_x1),s==o.
increaseAllowance(o,s,d) :- recv_increaseAllowance(o,s,d),d>0.
issue(p,n) :- msgSender(s),n>0,recv_issue(p,n),owner(o),s==o.
transferFrom(o,r,s,n) :- recv_transferFrom(o,r,s,n),allowance(o,r,allowance_x2),0!=allowance_x2.
redeem(p,n) :- msgSender(s),recv_redeem(p,n),n<=balanceOf_x1,msgSender(msgSender),owner(o),balanceOf(msgSender,balanceOf_x1),s==o.
[tether.dl] Iteration#5 BMCInput: bound=5, violationRules=blacklistedTransfer,negativeAllowance,negativeBalance,unauthorizedAddBlackList,unauthorizedDestroyBlackFund,unauthorizedIssue,unauthorizedRedeem,unequalBalance
[BMC] TransitionSystemReady: program=Tether
[BMC] TemporalSpec(state): rule=negativeAllowance, formula=(and (= (select allowance (allowance_keyTuple kv_s kv_p)) kv_n)
     (select allowance__exists (allowance_keyTuple kv_s kv_p))
     (not (<= 0 kv_n))
     (not (= kv_s 0))
     (not (= kv_p 0)))
[BMC] TemporalSpec(state): rule=unequalBalance, formula=(and (= totalBalances kv_s) (= totalSupply kv_n) (not (= kv_s kv_n)))
[BMC] TemporalSpec(state): rule=negativeBalance, formula=(and (= (select balanceOf kv_p) kv_n)
     (select balanceOf__exists kv_p)
     (not (<= 0 kv_n))
     (not (= kv_p 0)))
[BMC] TemporalSpec(state): rule=blacklistedTransfer, formula=(and (= onceBlacklistedTransfer kv_b) kv_b)
[BMC] TemporalSpec(tx): rule=unauthorizedIssue, formula=(and (or (= recv_issue0 1))
     (= owner kv_o)
     (= msgSender kv_s)
     (not (= kv_s kv_o)))
[BMC] TemporalSpec(tx): rule=unauthorizedDestroyBlackFund, formula=(and (or (= recv_destroyBlackFund0 1))
     (= owner kv_o)
     (= msgSender kv_s)
     (not (= kv_s kv_o)))
[BMC] TemporalSpec(tx): rule=unauthorizedAddBlackList, formula=(and (or (= recv_addBlackList0 1))
     (= owner kv_o)
     (= msgSender kv_s)
     (not (= kv_o kv_s)))
[BMC] TemporalSpec(tx): rule=unauthorizedRedeem, formula=(and (or (= recv_redeem0 1))
     (= owner kv_o)
     (= msgSender kv_s)
     (not (= kv_s kv_o)))
[BMC] CheckBound: k=1
[BMC] SolverResult: rule=unauthorizedRedeem, k=1, result=UNSATISFIABLE
[BMC] SolverResult: rule=unauthorizedAddBlackList, k=1, result=UNSATISFIABLE
[BMC] SolverResult: rule=unauthorizedDestroyBlackFund, k=1, result=UNSATISFIABLE
[BMC] SolverResult: rule=unauthorizedIssue, k=1, result=UNSATISFIABLE
[BMC] SolverResult: rule=negativeAllowance, k=1, result=UNSATISFIABLE
[BMC] SolverResult: rule=unequalBalance, k=1, result=UNSATISFIABLE
[BMC] SolverResult: rule=negativeBalance, k=1, result=UNSATISFIABLE
[BMC] SolverResult: rule=blacklistedTransfer, k=1, result=UNSATISFIABLE
[BMC] CheckBound: k=2
[BMC] SolverResult: rule=unauthorizedRedeem, k=2, result=UNSATISFIABLE
[BMC] SolverResult: rule=unauthorizedAddBlackList, k=2, result=UNSATISFIABLE
[BMC] SolverResult: rule=unauthorizedDestroyBlackFund, k=2, result=UNSATISFIABLE
[BMC] SolverResult: rule=unauthorizedIssue, k=2, result=UNSATISFIABLE
[BMC] SolverResult: rule=negativeAllowance, k=2, result=UNSATISFIABLE
[BMC] SolverResult: rule=unequalBalance, k=2, result=UNSATISFIABLE
[BMC] SolverResult: rule=negativeBalance, k=2, result=SATISFIABLE
[BMC] CounterexampleFound: rule=negativeBalance, k=2
[BMC] CounterexampleReturned: rule=negativeBalance, k=2
[tether.dl] Iteration#5 Counterexample:
Trace:
[0] constructor(0) [msgSender: 3, value: 0]
[1] recv_issue(address(3),1) [msgSender: 3, value: 0]
[2] recv_redeem(address(10),1) [msgSender: 3, value: 0]
[tether.dl] Iteration#5 RestrictedSolveStatus: relation=recv_redeem, status=SAT
[tether.dl] Iteration#5 ProgramAfterRestrictedSynthesis:
redeem(p,n) :- msgSender(s),recv_redeem(p,n),balanceOf(p,balanceOf_x1),balanceOf_x1>0,owner(o),s==o.
addBlackList(p) :- recv_addBlackList(p),owner(o),msgSender(s),o==s.
transfer(s,r,n) :- recv_transfer(s,r,n).
destroyBlackFund(p,n) :- msgSender(s),recv_destroyBlackFund(p,n),n<=balanceOf_x1,msgSender(msgSender),owner(o),balanceOf(msgSender,balanceOf_x1),s==o.
increaseAllowance(o,s,d) :- recv_increaseAllowance(o,s,d),d>0.
issue(p,n) :- msgSender(s),n>0,recv_issue(p,n),owner(o),s==o.
transferFrom(o,r,s,n) :- recv_transferFrom(o,r,s,n),allowance(o,r,allowance_x2),0!=allowance_x2.
[tether.dl] Iteration#5 SynthesisResult: updated
[tether.dl] Iteration#6 ProgramBeforeBMC:
redeem(p,n) :- msgSender(s),recv_redeem(p,n),balanceOf(p,balanceOf_x1),balanceOf_x1>0,owner(o),s==o.
addBlackList(p) :- recv_addBlackList(p),owner(o),msgSender(s),o==s.
transfer(s,r,n) :- recv_transfer(s,r,n).
destroyBlackFund(p,n) :- msgSender(s),recv_destroyBlackFund(p,n),n<=balanceOf_x1,msgSender(msgSender),owner(o),balanceOf(msgSender,balanceOf_x1),s==o.
increaseAllowance(o,s,d) :- recv_increaseAllowance(o,s,d),d>0.
issue(p,n) :- msgSender(s),n>0,recv_issue(p,n),owner(o),s==o.
transferFrom(o,r,s,n) :- recv_transferFrom(o,r,s,n),allowance(o,r,allowance_x2),0!=allowance_x2.
[tether.dl] Iteration#6 BMCInput: bound=5, violationRules=blacklistedTransfer,negativeAllowance,negativeBalance,unauthorizedAddBlackList,unauthorizedDestroyBlackFund,unauthorizedIssue,unauthorizedRedeem,unequalBalance
[BMC] TransitionSystemReady: program=Tether
[BMC] TemporalSpec(state): rule=negativeAllowance, formula=(and (= (select allowance (allowance_keyTuple kv_s kv_p)) kv_n)
     (select allowance__exists (allowance_keyTuple kv_s kv_p))
     (not (<= 0 kv_n))
     (not (= kv_s 0))
     (not (= kv_p 0)))
[BMC] TemporalSpec(state): rule=unequalBalance, formula=(and (= totalBalances kv_s) (= totalSupply kv_n) (not (= kv_s kv_n)))
[BMC] TemporalSpec(state): rule=negativeBalance, formula=(and (= (select balanceOf kv_p) kv_n)
     (select balanceOf__exists kv_p)
     (not (<= 0 kv_n))
     (not (= kv_p 0)))
[BMC] TemporalSpec(state): rule=blacklistedTransfer, formula=(and (= onceBlacklistedTransfer kv_b) kv_b)
[BMC] TemporalSpec(tx): rule=unauthorizedIssue, formula=(and (or (= recv_issue0 1))
     (= owner kv_o)
     (= msgSender kv_s)
     (not (= kv_s kv_o)))
[BMC] TemporalSpec(tx): rule=unauthorizedDestroyBlackFund, formula=(and (or (= recv_destroyBlackFund0 1))
     (= owner kv_o)
     (= msgSender kv_s)
     (not (= kv_s kv_o)))
[BMC] TemporalSpec(tx): rule=unauthorizedAddBlackList, formula=(and (or (= recv_addBlackList0 1))
     (= owner kv_o)
     (= msgSender kv_s)
     (not (= kv_o kv_s)))
[BMC] TemporalSpec(tx): rule=unauthorizedRedeem, formula=(and (or (= recv_redeem0 1))
     (= owner kv_o)
     (= msgSender kv_s)
     (not (= kv_s kv_o)))
[BMC] CheckBound: k=1
[BMC] SolverResult: rule=unauthorizedRedeem, k=1, result=UNSATISFIABLE
[BMC] SolverResult: rule=unauthorizedAddBlackList, k=1, result=UNSATISFIABLE
[BMC] SolverResult: rule=unauthorizedDestroyBlackFund, k=1, result=UNSATISFIABLE
[BMC] SolverResult: rule=unauthorizedIssue, k=1, result=UNSATISFIABLE
[BMC] SolverResult: rule=negativeAllowance, k=1, result=UNSATISFIABLE
[BMC] SolverResult: rule=unequalBalance, k=1, result=UNSATISFIABLE
[BMC] SolverResult: rule=negativeBalance, k=1, result=UNSATISFIABLE
[BMC] SolverResult: rule=blacklistedTransfer, k=1, result=UNSATISFIABLE
[BMC] CheckBound: k=2
[BMC] SolverResult: rule=unauthorizedRedeem, k=2, result=UNSATISFIABLE
[BMC] SolverResult: rule=unauthorizedAddBlackList, k=2, result=UNSATISFIABLE
[BMC] SolverResult: rule=unauthorizedDestroyBlackFund, k=2, result=UNSATISFIABLE
[BMC] SolverResult: rule=unauthorizedIssue, k=2, result=UNSATISFIABLE
[BMC] SolverResult: rule=negativeAllowance, k=2, result=UNSATISFIABLE
[BMC] SolverResult: rule=unequalBalance, k=2, result=UNSATISFIABLE
[BMC] SolverResult: rule=negativeBalance, k=2, result=SATISFIABLE
[BMC] CounterexampleFound: rule=negativeBalance, k=2
[BMC] CounterexampleReturned: rule=negativeBalance, k=2
[tether.dl] Iteration#6 Counterexample:
Trace:
[0] constructor(0) [msgSender: 3, value: 0]
[1] recv_issue(address(3),1) [msgSender: 3, value: 0]
[2] recv_destroyBlackFund(address(10),1) [msgSender: 3, value: 0]
[tether.dl] Iteration#6 RestrictedSolveStatus: relation=recv_destroyBlackFund, status=SAT
[tether.dl] Iteration#6 ProgramAfterRestrictedSynthesis:
redeem(p,n) :- msgSender(s),recv_redeem(p,n),balanceOf(p,balanceOf_x1),balanceOf_x1>0,owner(o),s==o.
addBlackList(p) :- recv_addBlackList(p),owner(o),msgSender(s),o==s.
destroyBlackFund(p,n) :- msgSender(s),recv_destroyBlackFund(p,n),owner(o),balanceOf(msgSender,balanceOf_x1),s==o,msgSender(msgSender),n<balanceOf_x1.
transfer(s,r,n) :- recv_transfer(s,r,n).
increaseAllowance(o,s,d) :- recv_increaseAllowance(o,s,d),d>0.
issue(p,n) :- msgSender(s),n>0,recv_issue(p,n),owner(o),s==o.
transferFrom(o,r,s,n) :- recv_transferFrom(o,r,s,n),allowance(o,r,allowance_x2),0!=allowance_x2.
[tether.dl] Iteration#6 SynthesisResult: updated
[tether.dl] Iteration#7 ProgramBeforeBMC:
redeem(p,n) :- msgSender(s),recv_redeem(p,n),balanceOf(p,balanceOf_x1),balanceOf_x1>0,owner(o),s==o.
addBlackList(p) :- recv_addBlackList(p),owner(o),msgSender(s),o==s.
destroyBlackFund(p,n) :- msgSender(s),recv_destroyBlackFund(p,n),owner(o),balanceOf(msgSender,balanceOf_x1),s==o,msgSender(msgSender),n<balanceOf_x1.
transfer(s,r,n) :- recv_transfer(s,r,n).
increaseAllowance(o,s,d) :- recv_increaseAllowance(o,s,d),d>0.
issue(p,n) :- msgSender(s),n>0,recv_issue(p,n),owner(o),s==o.
transferFrom(o,r,s,n) :- recv_transferFrom(o,r,s,n),allowance(o,r,allowance_x2),0!=allowance_x2.
[tether.dl] Iteration#7 BMCInput: bound=5, violationRules=blacklistedTransfer,negativeAllowance,negativeBalance,unauthorizedAddBlackList,unauthorizedDestroyBlackFund,unauthorizedIssue,unauthorizedRedeem,unequalBalance
[BMC] TransitionSystemReady: program=Tether
[BMC] TemporalSpec(state): rule=negativeAllowance, formula=(and (= (select allowance (allowance_keyTuple kv_s kv_p)) kv_n)
     (select allowance__exists (allowance_keyTuple kv_s kv_p))
     (not (<= 0 kv_n))
     (not (= kv_s 0))
     (not (= kv_p 0)))
[BMC] TemporalSpec(state): rule=unequalBalance, formula=(and (= totalBalances kv_s) (= totalSupply kv_n) (not (= kv_s kv_n)))
[BMC] TemporalSpec(state): rule=negativeBalance, formula=(and (= (select balanceOf kv_p) kv_n)
     (select balanceOf__exists kv_p)
     (not (<= 0 kv_n))
     (not (= kv_p 0)))
[BMC] TemporalSpec(state): rule=blacklistedTransfer, formula=(and (= onceBlacklistedTransfer kv_b) kv_b)
[BMC] TemporalSpec(tx): rule=unauthorizedIssue, formula=(and (or (= recv_issue0 1))
     (= owner kv_o)
     (= msgSender kv_s)
     (not (= kv_s kv_o)))
[BMC] TemporalSpec(tx): rule=unauthorizedDestroyBlackFund, formula=(and (or (= recv_destroyBlackFund0 1))
     (= owner kv_o)
     (= msgSender kv_s)
     (not (= kv_s kv_o)))
[BMC] TemporalSpec(tx): rule=unauthorizedAddBlackList, formula=(and (or (= recv_addBlackList0 1))
     (= owner kv_o)
     (= msgSender kv_s)
     (not (= kv_o kv_s)))
[BMC] TemporalSpec(tx): rule=unauthorizedRedeem, formula=(and (or (= recv_redeem0 1))
     (= owner kv_o)
     (= msgSender kv_s)
     (not (= kv_s kv_o)))
[BMC] CheckBound: k=1
[BMC] SolverResult: rule=unauthorizedRedeem, k=1, result=UNSATISFIABLE
[BMC] SolverResult: rule=unauthorizedAddBlackList, k=1, result=UNSATISFIABLE
[BMC] SolverResult: rule=unauthorizedDestroyBlackFund, k=1, result=UNSATISFIABLE
[BMC] SolverResult: rule=unauthorizedIssue, k=1, result=UNSATISFIABLE
[BMC] SolverResult: rule=negativeAllowance, k=1, result=UNSATISFIABLE
[BMC] SolverResult: rule=unequalBalance, k=1, result=UNSATISFIABLE
[BMC] SolverResult: rule=negativeBalance, k=1, result=UNSATISFIABLE
[BMC] SolverResult: rule=blacklistedTransfer, k=1, result=UNSATISFIABLE
[BMC] CheckBound: k=2
[BMC] SolverResult: rule=unauthorizedRedeem, k=2, result=UNSATISFIABLE
[BMC] SolverResult: rule=unauthorizedAddBlackList, k=2, result=UNSATISFIABLE
[BMC] SolverResult: rule=unauthorizedDestroyBlackFund, k=2, result=UNSATISFIABLE
[BMC] SolverResult: rule=unauthorizedIssue, k=2, result=UNSATISFIABLE
[BMC] SolverResult: rule=negativeAllowance, k=2, result=UNSATISFIABLE
[BMC] SolverResult: rule=unequalBalance, k=2, result=UNSATISFIABLE
[BMC] SolverResult: rule=negativeBalance, k=2, result=SATISFIABLE
[BMC] CounterexampleFound: rule=negativeBalance, k=2
[BMC] CounterexampleReturned: rule=negativeBalance, k=2
[tether.dl] Iteration#7 Counterexample:
Trace:
[0] constructor(0) [msgSender: 7, value: 0]
[1] recv_issue(address(7),7067) [msgSender: 7, value: 0]
[2] recv_destroyBlackFund(address(10),7066) [msgSender: 7, value: 0]
[tether.dl] Iteration#7 RestrictedSolveStatus: relation=recv_destroyBlackFund, status=SAT
[tether.dl] Iteration#7 ProgramAfterRestrictedSynthesis:
redeem(p,n) :- msgSender(s),recv_redeem(p,n),balanceOf(p,balanceOf_x1),balanceOf_x1>0,owner(o),s==o.
addBlackList(p) :- recv_addBlackList(p),owner(o),msgSender(s),o==s.
destroyBlackFund(p,n) :- msgSender(s),recv_destroyBlackFund(p,n),balanceOf(p,balanceOf_x1),balanceOf_x1>0,owner(o),s==o.
transfer(s,r,n) :- recv_transfer(s,r,n).
increaseAllowance(o,s,d) :- recv_increaseAllowance(o,s,d),d>0.
issue(p,n) :- msgSender(s),n>0,recv_issue(p,n),owner(o),s==o.
transferFrom(o,r,s,n) :- recv_transferFrom(o,r,s,n),allowance(o,r,allowance_x2),0!=allowance_x2.
[tether.dl] Iteration#7 SynthesisResult: updated
[tether.dl] Iteration#8 ProgramBeforeBMC:
redeem(p,n) :- msgSender(s),recv_redeem(p,n),balanceOf(p,balanceOf_x1),balanceOf_x1>0,owner(o),s==o.
addBlackList(p) :- recv_addBlackList(p),owner(o),msgSender(s),o==s.
destroyBlackFund(p,n) :- msgSender(s),recv_destroyBlackFund(p,n),balanceOf(p,balanceOf_x1),balanceOf_x1>0,owner(o),s==o.
transfer(s,r,n) :- recv_transfer(s,r,n).
increaseAllowance(o,s,d) :- recv_increaseAllowance(o,s,d),d>0.
issue(p,n) :- msgSender(s),n>0,recv_issue(p,n),owner(o),s==o.
transferFrom(o,r,s,n) :- recv_transferFrom(o,r,s,n),allowance(o,r,allowance_x2),0!=allowance_x2.
[tether.dl] Iteration#8 BMCInput: bound=5, violationRules=blacklistedTransfer,negativeAllowance,negativeBalance,unauthorizedAddBlackList,unauthorizedDestroyBlackFund,unauthorizedIssue,unauthorizedRedeem,unequalBalance
[BMC] TransitionSystemReady: program=Tether
[BMC] TemporalSpec(state): rule=negativeAllowance, formula=(and (= (select allowance (allowance_keyTuple kv_s kv_p)) kv_n)
     (select allowance__exists (allowance_keyTuple kv_s kv_p))
     (not (<= 0 kv_n))
     (not (= kv_s 0))
     (not (= kv_p 0)))
[BMC] TemporalSpec(state): rule=unequalBalance, formula=(and (= totalBalances kv_s) (= totalSupply kv_n) (not (= kv_s kv_n)))
[BMC] TemporalSpec(state): rule=negativeBalance, formula=(and (= (select balanceOf kv_p) kv_n)
     (select balanceOf__exists kv_p)
     (not (<= 0 kv_n))
     (not (= kv_p 0)))
[BMC] TemporalSpec(state): rule=blacklistedTransfer, formula=(and (= onceBlacklistedTransfer kv_b) kv_b)
[BMC] TemporalSpec(tx): rule=unauthorizedIssue, formula=(and (or (= recv_issue0 1))
     (= owner kv_o)
     (= msgSender kv_s)
     (not (= kv_s kv_o)))
[BMC] TemporalSpec(tx): rule=unauthorizedDestroyBlackFund, formula=(and (or (= recv_destroyBlackFund0 1))
     (= owner kv_o)
     (= msgSender kv_s)
     (not (= kv_s kv_o)))
[BMC] TemporalSpec(tx): rule=unauthorizedAddBlackList, formula=(and (or (= recv_addBlackList0 1))
     (= owner kv_o)
     (= msgSender kv_s)
     (not (= kv_o kv_s)))
[BMC] TemporalSpec(tx): rule=unauthorizedRedeem, formula=(and (or (= recv_redeem0 1))
     (= owner kv_o)
     (= msgSender kv_s)
     (not (= kv_s kv_o)))
[BMC] CheckBound: k=1
[BMC] SolverResult: rule=unauthorizedRedeem, k=1, result=UNSATISFIABLE
[BMC] SolverResult: rule=unauthorizedAddBlackList, k=1, result=UNSATISFIABLE
[BMC] SolverResult: rule=unauthorizedDestroyBlackFund, k=1, result=UNSATISFIABLE
[BMC] SolverResult: rule=unauthorizedIssue, k=1, result=UNSATISFIABLE
[BMC] SolverResult: rule=negativeAllowance, k=1, result=UNSATISFIABLE
[BMC] SolverResult: rule=unequalBalance, k=1, result=UNSATISFIABLE
[BMC] SolverResult: rule=negativeBalance, k=1, result=UNSATISFIABLE
[BMC] SolverResult: rule=blacklistedTransfer, k=1, result=UNSATISFIABLE
[BMC] CheckBound: k=2
[BMC] SolverResult: rule=unauthorizedRedeem, k=2, result=UNSATISFIABLE
[BMC] SolverResult: rule=unauthorizedAddBlackList, k=2, result=UNSATISFIABLE
[BMC] SolverResult: rule=unauthorizedDestroyBlackFund, k=2, result=UNSATISFIABLE
[BMC] SolverResult: rule=unauthorizedIssue, k=2, result=UNSATISFIABLE
[BMC] SolverResult: rule=negativeAllowance, k=2, result=UNSATISFIABLE
[BMC] SolverResult: rule=unequalBalance, k=2, result=UNSATISFIABLE
[BMC] SolverResult: rule=negativeBalance, k=2, result=SATISFIABLE
[BMC] CounterexampleFound: rule=negativeBalance, k=2
[BMC] CounterexampleReturned: rule=negativeBalance, k=2
[tether.dl] Iteration#8 Counterexample:
Trace:
[0] constructor(0) [msgSender: 2, value: 0]
[1] recv_issue(address(8),1) [msgSender: 2, value: 0]
[2] recv_redeem(address(8),14924) [msgSender: 2, value: 0]
[tether.dl] Iteration#8 RestrictedSolveStatus: relation=recv_redeem, status=SAT
[tether.dl] Iteration#8 ProgramAfterRestrictedSynthesis:
addBlackList(p) :- recv_addBlackList(p),owner(o),msgSender(s),o==s.
destroyBlackFund(p,n) :- msgSender(s),recv_destroyBlackFund(p,n),balanceOf(p,balanceOf_x1),balanceOf_x1>0,owner(o),s==o.
transfer(s,r,n) :- recv_transfer(s,r,n).
redeem(p,n) :- msgSender(s),recv_redeem(p,n),owner(o),balanceOf(msgSender,balanceOf_x1),s==o,msgSender(msgSender),n<balanceOf_x1.
increaseAllowance(o,s,d) :- recv_increaseAllowance(o,s,d),d>0.
issue(p,n) :- msgSender(s),n>0,recv_issue(p,n),owner(o),s==o.
transferFrom(o,r,s,n) :- recv_transferFrom(o,r,s,n),allowance(o,r,allowance_x2),0!=allowance_x2.
[tether.dl] Iteration#8 SynthesisResult: updated
[tether.dl] Iteration#9 ProgramBeforeBMC:
addBlackList(p) :- recv_addBlackList(p),owner(o),msgSender(s),o==s.
destroyBlackFund(p,n) :- msgSender(s),recv_destroyBlackFund(p,n),balanceOf(p,balanceOf_x1),balanceOf_x1>0,owner(o),s==o.
transfer(s,r,n) :- recv_transfer(s,r,n).
redeem(p,n) :- msgSender(s),recv_redeem(p,n),owner(o),balanceOf(msgSender,balanceOf_x1),s==o,msgSender(msgSender),n<balanceOf_x1.
increaseAllowance(o,s,d) :- recv_increaseAllowance(o,s,d),d>0.
issue(p,n) :- msgSender(s),n>0,recv_issue(p,n),owner(o),s==o.
transferFrom(o,r,s,n) :- recv_transferFrom(o,r,s,n),allowance(o,r,allowance_x2),0!=allowance_x2.
[tether.dl] Iteration#9 BMCInput: bound=5, violationRules=blacklistedTransfer,negativeAllowance,negativeBalance,unauthorizedAddBlackList,unauthorizedDestroyBlackFund,unauthorizedIssue,unauthorizedRedeem,unequalBalance
[BMC] TransitionSystemReady: program=Tether
[BMC] TemporalSpec(state): rule=negativeAllowance, formula=(and (= (select allowance (allowance_keyTuple kv_s kv_p)) kv_n)
     (select allowance__exists (allowance_keyTuple kv_s kv_p))
     (not (<= 0 kv_n))
     (not (= kv_s 0))
     (not (= kv_p 0)))
[BMC] TemporalSpec(state): rule=unequalBalance, formula=(and (= totalBalances kv_s) (= totalSupply kv_n) (not (= kv_s kv_n)))
[BMC] TemporalSpec(state): rule=negativeBalance, formula=(and (= (select balanceOf kv_p) kv_n)
     (select balanceOf__exists kv_p)
     (not (<= 0 kv_n))
     (not (= kv_p 0)))
[BMC] TemporalSpec(state): rule=blacklistedTransfer, formula=(and (= onceBlacklistedTransfer kv_b) kv_b)
[BMC] TemporalSpec(tx): rule=unauthorizedIssue, formula=(and (or (= recv_issue0 1))
     (= owner kv_o)
     (= msgSender kv_s)
     (not (= kv_s kv_o)))
[BMC] TemporalSpec(tx): rule=unauthorizedDestroyBlackFund, formula=(and (or (= recv_destroyBlackFund0 1))
     (= owner kv_o)
     (= msgSender kv_s)
     (not (= kv_s kv_o)))
[BMC] TemporalSpec(tx): rule=unauthorizedAddBlackList, formula=(and (or (= recv_addBlackList0 1))
     (= owner kv_o)
     (= msgSender kv_s)
     (not (= kv_o kv_s)))
[BMC] TemporalSpec(tx): rule=unauthorizedRedeem, formula=(and (or (= recv_redeem0 1))
     (= owner kv_o)
     (= msgSender kv_s)
     (not (= kv_s kv_o)))
[BMC] CheckBound: k=1
[BMC] SolverResult: rule=unauthorizedRedeem, k=1, result=UNSATISFIABLE
[BMC] SolverResult: rule=unauthorizedAddBlackList, k=1, result=UNSATISFIABLE
[BMC] SolverResult: rule=unauthorizedDestroyBlackFund, k=1, result=UNSATISFIABLE
[BMC] SolverResult: rule=unauthorizedIssue, k=1, result=UNSATISFIABLE
[BMC] SolverResult: rule=negativeAllowance, k=1, result=UNSATISFIABLE
[BMC] SolverResult: rule=unequalBalance, k=1, result=UNSATISFIABLE
[BMC] SolverResult: rule=negativeBalance, k=1, result=UNSATISFIABLE
[BMC] SolverResult: rule=blacklistedTransfer, k=1, result=UNSATISFIABLE
[BMC] CheckBound: k=2
[BMC] SolverResult: rule=unauthorizedRedeem, k=2, result=UNSATISFIABLE
[BMC] SolverResult: rule=unauthorizedAddBlackList, k=2, result=UNSATISFIABLE
[BMC] SolverResult: rule=unauthorizedDestroyBlackFund, k=2, result=UNSATISFIABLE
[BMC] SolverResult: rule=unauthorizedIssue, k=2, result=UNSATISFIABLE
[BMC] SolverResult: rule=negativeAllowance, k=2, result=UNSATISFIABLE
[BMC] SolverResult: rule=unequalBalance, k=2, result=UNSATISFIABLE
[BMC] SolverResult: rule=negativeBalance, k=2, result=SATISFIABLE
[BMC] CounterexampleFound: rule=negativeBalance, k=2
[BMC] CounterexampleReturned: rule=negativeBalance, k=2
[tether.dl] Iteration#9 Counterexample:
Trace:
[0] constructor(0) [msgSender: 7, value: 0]
[1] recv_issue(address(7),58272) [msgSender: 7, value: 0]
[2] recv_redeem(address(9),58271) [msgSender: 7, value: 0]
[tether.dl] Iteration#9 RestrictedSolveStatus: relation=recv_redeem, status=SAT
[tether.dl] Iteration#9 ProgramAfterRestrictedSynthesis:
addBlackList(p) :- recv_addBlackList(p),owner(o),msgSender(s),o==s.
destroyBlackFund(p,n) :- msgSender(s),recv_destroyBlackFund(p,n),balanceOf(p,balanceOf_x1),balanceOf_x1>0,owner(o),s==o.
transfer(s,r,n) :- recv_transfer(s,r,n).
increaseAllowance(o,s,d) :- recv_increaseAllowance(o,s,d),d>0.
issue(p,n) :- msgSender(s),n>0,recv_issue(p,n),owner(o),s==o.
redeem(p,n) :- msgSender(s),recv_redeem(p,n),n<=balanceOf_x1,balanceOf(p,balanceOf_x1),owner(o),s==o.
transferFrom(o,r,s,n) :- recv_transferFrom(o,r,s,n),allowance(o,r,allowance_x2),0!=allowance_x2.
[tether.dl] Iteration#9 SynthesisResult: updated
[tether.dl] Iteration#10 ProgramBeforeBMC:
addBlackList(p) :- recv_addBlackList(p),owner(o),msgSender(s),o==s.
destroyBlackFund(p,n) :- msgSender(s),recv_destroyBlackFund(p,n),balanceOf(p,balanceOf_x1),balanceOf_x1>0,owner(o),s==o.
transfer(s,r,n) :- recv_transfer(s,r,n).
increaseAllowance(o,s,d) :- recv_increaseAllowance(o,s,d),d>0.
issue(p,n) :- msgSender(s),n>0,recv_issue(p,n),owner(o),s==o.
redeem(p,n) :- msgSender(s),recv_redeem(p,n),n<=balanceOf_x1,balanceOf(p,balanceOf_x1),owner(o),s==o.
transferFrom(o,r,s,n) :- recv_transferFrom(o,r,s,n),allowance(o,r,allowance_x2),0!=allowance_x2.
[tether.dl] Iteration#10 BMCInput: bound=5, violationRules=blacklistedTransfer,negativeAllowance,negativeBalance,unauthorizedAddBlackList,unauthorizedDestroyBlackFund,unauthorizedIssue,unauthorizedRedeem,unequalBalance
[BMC] TransitionSystemReady: program=Tether
[BMC] TemporalSpec(state): rule=negativeAllowance, formula=(and (= (select allowance (allowance_keyTuple kv_s kv_p)) kv_n)
     (select allowance__exists (allowance_keyTuple kv_s kv_p))
     (not (<= 0 kv_n))
     (not (= kv_s 0))
     (not (= kv_p 0)))
[BMC] TemporalSpec(state): rule=unequalBalance, formula=(and (= totalBalances kv_s) (= totalSupply kv_n) (not (= kv_s kv_n)))
[BMC] TemporalSpec(state): rule=negativeBalance, formula=(and (= (select balanceOf kv_p) kv_n)
     (select balanceOf__exists kv_p)
     (not (<= 0 kv_n))
     (not (= kv_p 0)))
[BMC] TemporalSpec(state): rule=blacklistedTransfer, formula=(and (= onceBlacklistedTransfer kv_b) kv_b)
[BMC] TemporalSpec(tx): rule=unauthorizedIssue, formula=(and (or (= recv_issue0 1))
     (= owner kv_o)
     (= msgSender kv_s)
     (not (= kv_s kv_o)))
[BMC] TemporalSpec(tx): rule=unauthorizedDestroyBlackFund, formula=(and (or (= recv_destroyBlackFund0 1))
     (= owner kv_o)
     (= msgSender kv_s)
     (not (= kv_s kv_o)))
[BMC] TemporalSpec(tx): rule=unauthorizedAddBlackList, formula=(and (or (= recv_addBlackList0 1))
     (= owner kv_o)
     (= msgSender kv_s)
     (not (= kv_o kv_s)))
[BMC] TemporalSpec(tx): rule=unauthorizedRedeem, formula=(and (or (= recv_redeem0 1))
     (= owner kv_o)
     (= msgSender kv_s)
     (not (= kv_s kv_o)))
[BMC] CheckBound: k=1
[BMC] SolverResult: rule=unauthorizedRedeem, k=1, result=UNSATISFIABLE
[BMC] SolverResult: rule=unauthorizedAddBlackList, k=1, result=UNSATISFIABLE
[BMC] SolverResult: rule=unauthorizedDestroyBlackFund, k=1, result=UNSATISFIABLE
[BMC] SolverResult: rule=unauthorizedIssue, k=1, result=UNSATISFIABLE
[BMC] SolverResult: rule=negativeAllowance, k=1, result=UNSATISFIABLE
[BMC] SolverResult: rule=unequalBalance, k=1, result=UNSATISFIABLE
[BMC] SolverResult: rule=negativeBalance, k=1, result=UNSATISFIABLE
[BMC] SolverResult: rule=blacklistedTransfer, k=1, result=UNSATISFIABLE
[BMC] CheckBound: k=2
[BMC] SolverResult: rule=unauthorizedRedeem, k=2, result=UNSATISFIABLE
[BMC] SolverResult: rule=unauthorizedAddBlackList, k=2, result=UNSATISFIABLE
[BMC] SolverResult: rule=unauthorizedDestroyBlackFund, k=2, result=UNSATISFIABLE
[BMC] SolverResult: rule=unauthorizedIssue, k=2, result=UNSATISFIABLE
[BMC] SolverResult: rule=negativeAllowance, k=2, result=UNSATISFIABLE
[BMC] SolverResult: rule=unequalBalance, k=2, result=UNSATISFIABLE
[BMC] SolverResult: rule=negativeBalance, k=2, result=SATISFIABLE
[BMC] CounterexampleFound: rule=negativeBalance, k=2
[BMC] CounterexampleReturned: rule=negativeBalance, k=2
[tether.dl] Iteration#10 Counterexample:
Trace:
[0] constructor(0) [msgSender: 2, value: 0]
[1] recv_issue(address(9),1) [msgSender: 2, value: 0]
[2] recv_destroyBlackFund(address(9),27377) [msgSender: 2, value: 0]
[tether.dl] Iteration#10 RestrictedSolveStatus: relation=recv_destroyBlackFund, status=SAT
[tether.dl] Iteration#10 ProgramAfterRestrictedSynthesis:
addBlackList(p) :- recv_addBlackList(p),owner(o),msgSender(s),o==s.
destroyBlackFund(p,n) :- msgSender(s),recv_destroyBlackFund(p,n),n<=balanceOf_x1,balanceOf(p,balanceOf_x1),owner(o),s==o.
transfer(s,r,n) :- recv_transfer(s,r,n).
increaseAllowance(o,s,d) :- recv_increaseAllowance(o,s,d),d>0.
issue(p,n) :- msgSender(s),n>0,recv_issue(p,n),owner(o),s==o.
redeem(p,n) :- msgSender(s),recv_redeem(p,n),n<=balanceOf_x1,balanceOf(p,balanceOf_x1),owner(o),s==o.
transferFrom(o,r,s,n) :- recv_transferFrom(o,r,s,n),allowance(o,r,allowance_x2),0!=allowance_x2.
[tether.dl] Iteration#10 SynthesisResult: updated
[tether.dl] Iteration#11 ProgramBeforeBMC:
addBlackList(p) :- recv_addBlackList(p),owner(o),msgSender(s),o==s.
destroyBlackFund(p,n) :- msgSender(s),recv_destroyBlackFund(p,n),n<=balanceOf_x1,balanceOf(p,balanceOf_x1),owner(o),s==o.
transfer(s,r,n) :- recv_transfer(s,r,n).
increaseAllowance(o,s,d) :- recv_increaseAllowance(o,s,d),d>0.
issue(p,n) :- msgSender(s),n>0,recv_issue(p,n),owner(o),s==o.
redeem(p,n) :- msgSender(s),recv_redeem(p,n),n<=balanceOf_x1,balanceOf(p,balanceOf_x1),owner(o),s==o.
transferFrom(o,r,s,n) :- recv_transferFrom(o,r,s,n),allowance(o,r,allowance_x2),0!=allowance_x2.
[tether.dl] Iteration#11 BMCInput: bound=5, violationRules=blacklistedTransfer,negativeAllowance,negativeBalance,unauthorizedAddBlackList,unauthorizedDestroyBlackFund,unauthorizedIssue,unauthorizedRedeem,unequalBalance
[BMC] TransitionSystemReady: program=Tether
[BMC] TemporalSpec(state): rule=negativeAllowance, formula=(and (= (select allowance (allowance_keyTuple kv_s kv_p)) kv_n)
     (select allowance__exists (allowance_keyTuple kv_s kv_p))
     (not (<= 0 kv_n))
     (not (= kv_s 0))
     (not (= kv_p 0)))
[BMC] TemporalSpec(state): rule=unequalBalance, formula=(and (= totalBalances kv_s) (= totalSupply kv_n) (not (= kv_s kv_n)))
[BMC] TemporalSpec(state): rule=negativeBalance, formula=(and (= (select balanceOf kv_p) kv_n)
     (select balanceOf__exists kv_p)
     (not (<= 0 kv_n))
     (not (= kv_p 0)))
[BMC] TemporalSpec(state): rule=blacklistedTransfer, formula=(and (= onceBlacklistedTransfer kv_b) kv_b)
[BMC] TemporalSpec(tx): rule=unauthorizedIssue, formula=(and (or (= recv_issue0 1))
     (= owner kv_o)
     (= msgSender kv_s)
     (not (= kv_s kv_o)))
[BMC] TemporalSpec(tx): rule=unauthorizedDestroyBlackFund, formula=(and (or (= recv_destroyBlackFund0 1))
     (= owner kv_o)
     (= msgSender kv_s)
     (not (= kv_s kv_o)))
[BMC] TemporalSpec(tx): rule=unauthorizedAddBlackList, formula=(and (or (= recv_addBlackList0 1))
     (= owner kv_o)
     (= msgSender kv_s)
     (not (= kv_o kv_s)))
[BMC] TemporalSpec(tx): rule=unauthorizedRedeem, formula=(and (or (= recv_redeem0 1))
     (= owner kv_o)
     (= msgSender kv_s)
     (not (= kv_s kv_o)))
[BMC] CheckBound: k=1
[BMC] SolverResult: rule=unauthorizedRedeem, k=1, result=UNSATISFIABLE
[BMC] SolverResult: rule=unauthorizedAddBlackList, k=1, result=UNSATISFIABLE
[BMC] SolverResult: rule=unauthorizedDestroyBlackFund, k=1, result=UNSATISFIABLE
[BMC] SolverResult: rule=unauthorizedIssue, k=1, result=UNSATISFIABLE
[BMC] SolverResult: rule=negativeAllowance, k=1, result=UNSATISFIABLE
[BMC] SolverResult: rule=unequalBalance, k=1, result=UNSATISFIABLE
[BMC] SolverResult: rule=negativeBalance, k=1, result=UNSATISFIABLE
[BMC] SolverResult: rule=blacklistedTransfer, k=1, result=UNSATISFIABLE
[BMC] CheckBound: k=2
[BMC] SolverResult: rule=unauthorizedRedeem, k=2, result=UNSATISFIABLE
[BMC] SolverResult: rule=unauthorizedAddBlackList, k=2, result=UNSATISFIABLE
[BMC] SolverResult: rule=unauthorizedDestroyBlackFund, k=2, result=UNSATISFIABLE
[BMC] SolverResult: rule=unauthorizedIssue, k=2, result=UNSATISFIABLE
[BMC] SolverResult: rule=negativeAllowance, k=2, result=UNSATISFIABLE
[BMC] SolverResult: rule=unequalBalance, k=2, result=UNSATISFIABLE
[BMC] SolverResult: rule=negativeBalance, k=2, result=UNSATISFIABLE
[BMC] SolverResult: rule=blacklistedTransfer, k=2, result=SATISFIABLE
[BMC] CounterexampleFound: rule=blacklistedTransfer, k=2
[BMC] CounterexampleReturned: rule=blacklistedTransfer, k=2
[tether.dl] Iteration#11 Counterexample:
Trace:
[0] constructor(0) [msgSender: 2, value: 0]
[1] recv_addBlackList(address(10)) [msgSender: 2, value: 0]
[2] recv_transfer(address(10),address(10),-1) [msgSender: 11, value: 0]
[tether.dl] Iteration#11 RestrictedSolveStatus: relation=recv_transfer, status=SAT
[tether.dl] Iteration#11 ProgramAfterRestrictedSynthesis:
addBlackList(p) :- recv_addBlackList(p),owner(o),msgSender(s),o==s.
destroyBlackFund(p,n) :- msgSender(s),recv_destroyBlackFund(p,n),n<=balanceOf_x1,balanceOf(p,balanceOf_x1),owner(o),s==o.
increaseAllowance(o,s,d) :- recv_increaseAllowance(o,s,d),d>0.
issue(p,n) :- msgSender(s),n>0,recv_issue(p,n),owner(o),s==o.
transferFrom(o,r,s,n) :- recv_transferFrom(o,r,s,n),allowance(o,r,allowance_x2),0!=allowance_x2.
redeem(p,n) :- msgSender(s),recv_redeem(p,n),n<=balanceOf_x1,balanceOf(p,balanceOf_x1),owner(o),s==o.
transfer(s,r,n) :- recv_transfer(s,r,n),n>0.
[tether.dl] Iteration#11 SynthesisResult: updated
[tether.dl] Iteration#12 ProgramBeforeBMC:
addBlackList(p) :- recv_addBlackList(p),owner(o),msgSender(s),o==s.
destroyBlackFund(p,n) :- msgSender(s),recv_destroyBlackFund(p,n),n<=balanceOf_x1,balanceOf(p,balanceOf_x1),owner(o),s==o.
increaseAllowance(o,s,d) :- recv_increaseAllowance(o,s,d),d>0.
issue(p,n) :- msgSender(s),n>0,recv_issue(p,n),owner(o),s==o.
transferFrom(o,r,s,n) :- recv_transferFrom(o,r,s,n),allowance(o,r,allowance_x2),0!=allowance_x2.
redeem(p,n) :- msgSender(s),recv_redeem(p,n),n<=balanceOf_x1,balanceOf(p,balanceOf_x1),owner(o),s==o.
transfer(s,r,n) :- recv_transfer(s,r,n),n>0.
[tether.dl] Iteration#12 BMCInput: bound=5, violationRules=blacklistedTransfer,negativeAllowance,negativeBalance,unauthorizedAddBlackList,unauthorizedDestroyBlackFund,unauthorizedIssue,unauthorizedRedeem,unequalBalance
[BMC] TransitionSystemReady: program=Tether
[BMC] TemporalSpec(state): rule=negativeAllowance, formula=(and (= (select allowance (allowance_keyTuple kv_s kv_p)) kv_n)
     (select allowance__exists (allowance_keyTuple kv_s kv_p))
     (not (<= 0 kv_n))
     (not (= kv_s 0))
     (not (= kv_p 0)))
[BMC] TemporalSpec(state): rule=unequalBalance, formula=(and (= totalBalances kv_s) (= totalSupply kv_n) (not (= kv_s kv_n)))
[BMC] TemporalSpec(state): rule=negativeBalance, formula=(and (= (select balanceOf kv_p) kv_n)
     (select balanceOf__exists kv_p)
     (not (<= 0 kv_n))
     (not (= kv_p 0)))
[BMC] TemporalSpec(state): rule=blacklistedTransfer, formula=(and (= onceBlacklistedTransfer kv_b) kv_b)
[BMC] TemporalSpec(tx): rule=unauthorizedIssue, formula=(and (or (= recv_issue0 1))
     (= owner kv_o)
     (= msgSender kv_s)
     (not (= kv_s kv_o)))
[BMC] TemporalSpec(tx): rule=unauthorizedDestroyBlackFund, formula=(and (or (= recv_destroyBlackFund0 1))
     (= owner kv_o)
     (= msgSender kv_s)
     (not (= kv_s kv_o)))
[BMC] TemporalSpec(tx): rule=unauthorizedAddBlackList, formula=(and (or (= recv_addBlackList0 1))
     (= owner kv_o)
     (= msgSender kv_s)
     (not (= kv_o kv_s)))
[BMC] TemporalSpec(tx): rule=unauthorizedRedeem, formula=(and (or (= recv_redeem0 1))
     (= owner kv_o)
     (= msgSender kv_s)
     (not (= kv_s kv_o)))
[BMC] CheckBound: k=1
[BMC] SolverResult: rule=unauthorizedRedeem, k=1, result=UNSATISFIABLE
[BMC] SolverResult: rule=unauthorizedAddBlackList, k=1, result=UNSATISFIABLE
[BMC] SolverResult: rule=unauthorizedDestroyBlackFund, k=1, result=UNSATISFIABLE
[BMC] SolverResult: rule=unauthorizedIssue, k=1, result=UNSATISFIABLE
[BMC] SolverResult: rule=negativeAllowance, k=1, result=UNSATISFIABLE
[BMC] SolverResult: rule=unequalBalance, k=1, result=UNSATISFIABLE
[BMC] SolverResult: rule=negativeBalance, k=1, result=UNSATISFIABLE
[BMC] SolverResult: rule=blacklistedTransfer, k=1, result=UNSATISFIABLE
[BMC] CheckBound: k=2
[BMC] SolverResult: rule=unauthorizedRedeem, k=2, result=UNSATISFIABLE
[BMC] SolverResult: rule=unauthorizedAddBlackList, k=2, result=UNSATISFIABLE
[BMC] SolverResult: rule=unauthorizedDestroyBlackFund, k=2, result=UNSATISFIABLE
[BMC] SolverResult: rule=unauthorizedIssue, k=2, result=UNSATISFIABLE
[BMC] SolverResult: rule=negativeAllowance, k=2, result=UNSATISFIABLE
[BMC] SolverResult: rule=unequalBalance, k=2, result=UNSATISFIABLE
[BMC] SolverResult: rule=negativeBalance, k=2, result=UNSATISFIABLE
[BMC] SolverResult: rule=blacklistedTransfer, k=2, result=SATISFIABLE
[BMC] CounterexampleFound: rule=blacklistedTransfer, k=2
[BMC] CounterexampleReturned: rule=blacklistedTransfer, k=2
[tether.dl] Iteration#12 Counterexample:
Trace:
[0] constructor(0) [msgSender: 2, value: 0]
[1] recv_addBlackList(address(9)) [msgSender: 2, value: 0]
[2] recv_transfer(address(9),address(9),1) [msgSender: 10, value: 0]
[tether.dl] Iteration#12 RestrictedSolveStatus: relation=recv_transfer, status=UNSAT
[tether.dl] Iteration#12 FallbackToFull: reason=UNSAT, relations=transfer
[tether.dl] Iteration#12 ProgramAfterFallbackSynthesis:
addBlackList(p) :- recv_addBlackList(p),owner(o),msgSender(s),o==s.
destroyBlackFund(p,n) :- msgSender(s),recv_destroyBlackFund(p,n),n<=balanceOf_x1,balanceOf(p,balanceOf_x1),owner(o),s==o.
increaseAllowance(o,s,d) :- recv_increaseAllowance(o,s,d),d>0.
redeem(p,n) :- msgSender(s),recv_redeem(p,n),n<=balanceOf_x1,balanceOf(p,balanceOf_x1),owner(o),s==o.
transferFrom(o,r,s,n) :- recv_transferFrom(o,r,s,n),allowance(o,r,allowance_x2),0!=allowance_x2.
transfer(s,r,n) :- recv_transfer(s,r,n),balanceOf(r,balanceOf_x1),balanceOf_x1>0.
issue(p,n) :- msgSender(s),n>0,recv_issue(p,n),owner(o),s==o.
[tether.dl] Iteration#12 SynthesisResult: updated-by-fallback
[tether.dl] Iteration#13 ProgramBeforeBMC:
addBlackList(p) :- recv_addBlackList(p),owner(o),msgSender(s),o==s.
destroyBlackFund(p,n) :- msgSender(s),recv_destroyBlackFund(p,n),n<=balanceOf_x1,balanceOf(p,balanceOf_x1),owner(o),s==o.
increaseAllowance(o,s,d) :- recv_increaseAllowance(o,s,d),d>0.
redeem(p,n) :- msgSender(s),recv_redeem(p,n),n<=balanceOf_x1,balanceOf(p,balanceOf_x1),owner(o),s==o.
transferFrom(o,r,s,n) :- recv_transferFrom(o,r,s,n),allowance(o,r,allowance_x2),0!=allowance_x2.
transfer(s,r,n) :- recv_transfer(s,r,n),balanceOf(r,balanceOf_x1),balanceOf_x1>0.
issue(p,n) :- msgSender(s),n>0,recv_issue(p,n),owner(o),s==o.
[tether.dl] Iteration#13 BMCInput: bound=5, violationRules=blacklistedTransfer,negativeAllowance,negativeBalance,unauthorizedAddBlackList,unauthorizedDestroyBlackFund,unauthorizedIssue,unauthorizedRedeem,unequalBalance
[BMC] TransitionSystemReady: program=Tether
[BMC] TemporalSpec(state): rule=negativeAllowance, formula=(and (= (select allowance (allowance_keyTuple kv_s kv_p)) kv_n)
     (select allowance__exists (allowance_keyTuple kv_s kv_p))
     (not (<= 0 kv_n))
     (not (= kv_s 0))
     (not (= kv_p 0)))
[BMC] TemporalSpec(state): rule=unequalBalance, formula=(and (= totalBalances kv_s) (= totalSupply kv_n) (not (= kv_s kv_n)))
[BMC] TemporalSpec(state): rule=negativeBalance, formula=(and (= (select balanceOf kv_p) kv_n)
     (select balanceOf__exists kv_p)
     (not (<= 0 kv_n))
     (not (= kv_p 0)))
[BMC] TemporalSpec(state): rule=blacklistedTransfer, formula=(and (= onceBlacklistedTransfer kv_b) kv_b)
[BMC] TemporalSpec(tx): rule=unauthorizedIssue, formula=(and (or (= recv_issue0 1))
     (= owner kv_o)
     (= msgSender kv_s)
     (not (= kv_s kv_o)))
[BMC] TemporalSpec(tx): rule=unauthorizedDestroyBlackFund, formula=(and (or (= recv_destroyBlackFund0 1))
     (= owner kv_o)
     (= msgSender kv_s)
     (not (= kv_s kv_o)))
[BMC] TemporalSpec(tx): rule=unauthorizedAddBlackList, formula=(and (or (= recv_addBlackList0 1))
     (= owner kv_o)
     (= msgSender kv_s)
     (not (= kv_o kv_s)))
[BMC] TemporalSpec(tx): rule=unauthorizedRedeem, formula=(and (or (= recv_redeem0 1))
     (= owner kv_o)
     (= msgSender kv_s)
     (not (= kv_s kv_o)))
[BMC] CheckBound: k=1
[BMC] SolverResult: rule=unauthorizedRedeem, k=1, result=UNSATISFIABLE
[BMC] SolverResult: rule=unauthorizedAddBlackList, k=1, result=UNSATISFIABLE
[BMC] SolverResult: rule=unauthorizedDestroyBlackFund, k=1, result=UNSATISFIABLE
[BMC] SolverResult: rule=unauthorizedIssue, k=1, result=UNSATISFIABLE
[BMC] SolverResult: rule=negativeAllowance, k=1, result=UNSATISFIABLE
[BMC] SolverResult: rule=unequalBalance, k=1, result=UNSATISFIABLE
[BMC] SolverResult: rule=negativeBalance, k=1, result=UNSATISFIABLE
[BMC] SolverResult: rule=blacklistedTransfer, k=1, result=UNSATISFIABLE
[BMC] CheckBound: k=2
[BMC] SolverResult: rule=unauthorizedRedeem, k=2, result=UNSATISFIABLE
[BMC] SolverResult: rule=unauthorizedAddBlackList, k=2, result=UNSATISFIABLE
[BMC] SolverResult: rule=unauthorizedDestroyBlackFund, k=2, result=UNSATISFIABLE
[BMC] SolverResult: rule=unauthorizedIssue, k=2, result=UNSATISFIABLE
[BMC] SolverResult: rule=negativeAllowance, k=2, result=UNSATISFIABLE
[BMC] SolverResult: rule=unequalBalance, k=2, result=UNSATISFIABLE
[BMC] SolverResult: rule=negativeBalance, k=2, result=UNSATISFIABLE
[BMC] SolverResult: rule=blacklistedTransfer, k=2, result=UNSATISFIABLE
[BMC] CheckBound: k=3
[BMC] SolverResult: rule=unauthorizedRedeem, k=3, result=UNSATISFIABLE
[BMC] SolverResult: rule=unauthorizedAddBlackList, k=3, result=UNSATISFIABLE
[BMC] SolverResult: rule=unauthorizedDestroyBlackFund, k=3, result=UNSATISFIABLE
[BMC] SolverResult: rule=unauthorizedIssue, k=3, result=UNSATISFIABLE
[BMC] SolverResult: rule=negativeAllowance, k=3, result=SATISFIABLE
[BMC] CounterexampleFound: rule=negativeAllowance, k=3
[BMC] CounterexampleReturned: rule=negativeAllowance, k=3
[tether.dl] Iteration#13 Counterexample:
Trace:
[0] constructor(0) [msgSender: 2, value: 0]
[1] recv_addBlackList(address(9)) [msgSender: 2, value: 0]
[2] recv_increaseAllowance(address(9),address(9),1) [msgSender: 10, value: 0]
[3] recv_transferFrom(address(9),address(9),address(9),46870) [msgSender: 10, value: 0]
[tether.dl] Iteration#13 RestrictedSolveStatus: relation=recv_transferFrom, status=SAT
[tether.dl] Iteration#13 ProgramAfterRestrictedSynthesis:
transferFrom(o,r,s,n) :- recv_transferFrom(o,r,s,n),allowance(o,r,allowance_x2),n<=allowance_x2.
addBlackList(p) :- recv_addBlackList(p),owner(o),msgSender(s),o==s.
destroyBlackFund(p,n) :- msgSender(s),recv_destroyBlackFund(p,n),n<=balanceOf_x1,balanceOf(p,balanceOf_x1),owner(o),s==o.
increaseAllowance(o,s,d) :- recv_increaseAllowance(o,s,d),d>0.
redeem(p,n) :- msgSender(s),recv_redeem(p,n),n<=balanceOf_x1,balanceOf(p,balanceOf_x1),owner(o),s==o.
transfer(s,r,n) :- recv_transfer(s,r,n),balanceOf(r,balanceOf_x1),balanceOf_x1>0.
issue(p,n) :- msgSender(s),n>0,recv_issue(p,n),owner(o),s==o.
[tether.dl] Iteration#13 SynthesisResult: updated
[tether.dl] Iteration#14 ProgramBeforeBMC:
transferFrom(o,r,s,n) :- recv_transferFrom(o,r,s,n),allowance(o,r,allowance_x2),n<=allowance_x2.
addBlackList(p) :- recv_addBlackList(p),owner(o),msgSender(s),o==s.
destroyBlackFund(p,n) :- msgSender(s),recv_destroyBlackFund(p,n),n<=balanceOf_x1,balanceOf(p,balanceOf_x1),owner(o),s==o.
increaseAllowance(o,s,d) :- recv_increaseAllowance(o,s,d),d>0.
redeem(p,n) :- msgSender(s),recv_redeem(p,n),n<=balanceOf_x1,balanceOf(p,balanceOf_x1),owner(o),s==o.
transfer(s,r,n) :- recv_transfer(s,r,n),balanceOf(r,balanceOf_x1),balanceOf_x1>0.
issue(p,n) :- msgSender(s),n>0,recv_issue(p,n),owner(o),s==o.
[tether.dl] Iteration#14 BMCInput: bound=5, violationRules=blacklistedTransfer,negativeAllowance,negativeBalance,unauthorizedAddBlackList,unauthorizedDestroyBlackFund,unauthorizedIssue,unauthorizedRedeem,unequalBalance
[BMC] TransitionSystemReady: program=Tether
[BMC] TemporalSpec(state): rule=negativeAllowance, formula=(and (= (select allowance (allowance_keyTuple kv_s kv_p)) kv_n)
     (select allowance__exists (allowance_keyTuple kv_s kv_p))
     (not (<= 0 kv_n))
     (not (= kv_s 0))
     (not (= kv_p 0)))
[BMC] TemporalSpec(state): rule=unequalBalance, formula=(and (= totalBalances kv_s) (= totalSupply kv_n) (not (= kv_s kv_n)))
[BMC] TemporalSpec(state): rule=negativeBalance, formula=(and (= (select balanceOf kv_p) kv_n)
     (select balanceOf__exists kv_p)
     (not (<= 0 kv_n))
     (not (= kv_p 0)))
[BMC] TemporalSpec(state): rule=blacklistedTransfer, formula=(and (= onceBlacklistedTransfer kv_b) kv_b)
[BMC] TemporalSpec(tx): rule=unauthorizedIssue, formula=(and (or (= recv_issue0 1))
     (= owner kv_o)
     (= msgSender kv_s)
     (not (= kv_s kv_o)))
[BMC] TemporalSpec(tx): rule=unauthorizedDestroyBlackFund, formula=(and (or (= recv_destroyBlackFund0 1))
     (= owner kv_o)
     (= msgSender kv_s)
     (not (= kv_s kv_o)))
[BMC] TemporalSpec(tx): rule=unauthorizedAddBlackList, formula=(and (or (= recv_addBlackList0 1))
     (= owner kv_o)
     (= msgSender kv_s)
     (not (= kv_o kv_s)))
[BMC] TemporalSpec(tx): rule=unauthorizedRedeem, formula=(and (or (= recv_redeem0 1))
     (= owner kv_o)
     (= msgSender kv_s)
     (not (= kv_s kv_o)))
[BMC] CheckBound: k=1
[BMC] SolverResult: rule=unauthorizedRedeem, k=1, result=UNSATISFIABLE
[BMC] SolverResult: rule=unauthorizedAddBlackList, k=1, result=UNSATISFIABLE
[BMC] SolverResult: rule=unauthorizedDestroyBlackFund, k=1, result=UNSATISFIABLE
[BMC] SolverResult: rule=unauthorizedIssue, k=1, result=UNSATISFIABLE
[BMC] SolverResult: rule=negativeAllowance, k=1, result=UNSATISFIABLE
[BMC] SolverResult: rule=unequalBalance, k=1, result=UNSATISFIABLE
[BMC] SolverResult: rule=negativeBalance, k=1, result=UNSATISFIABLE
[BMC] SolverResult: rule=blacklistedTransfer, k=1, result=UNSATISFIABLE
[BMC] CheckBound: k=2
[BMC] SolverResult: rule=unauthorizedRedeem, k=2, result=UNSATISFIABLE
[BMC] SolverResult: rule=unauthorizedAddBlackList, k=2, result=UNSATISFIABLE
[BMC] SolverResult: rule=unauthorizedDestroyBlackFund, k=2, result=UNSATISFIABLE
[BMC] SolverResult: rule=unauthorizedIssue, k=2, result=UNSATISFIABLE
[BMC] SolverResult: rule=negativeAllowance, k=2, result=UNSATISFIABLE
[BMC] SolverResult: rule=unequalBalance, k=2, result=UNSATISFIABLE
[BMC] SolverResult: rule=negativeBalance, k=2, result=UNSATISFIABLE
[BMC] SolverResult: rule=blacklistedTransfer, k=2, result=UNSATISFIABLE
[BMC] CheckBound: k=3
[BMC] SolverResult: rule=unauthorizedRedeem, k=3, result=UNSATISFIABLE
[BMC] SolverResult: rule=unauthorizedAddBlackList, k=3, result=UNSATISFIABLE
[BMC] SolverResult: rule=unauthorizedDestroyBlackFund, k=3, result=UNSATISFIABLE
[BMC] SolverResult: rule=unauthorizedIssue, k=3, result=UNSATISFIABLE
[BMC] SolverResult: rule=negativeAllowance, k=3, result=SATISFIABLE
[BMC] CounterexampleFound: rule=negativeAllowance, k=3
[BMC] CounterexampleReturned: rule=negativeAllowance, k=3
[tether.dl] Iteration#14 Counterexample:
Trace:
[0] constructor(0) [msgSender: 7, value: 0]
[1] recv_increaseAllowance(address(13),address(13),1) [msgSender: 7, value: 0]
[2] recv_addBlackList(address(13)) [msgSender: 7, value: 0]
[3] recv_transferFrom(address(13),address(13),address(15),1) [msgSender: 16, value: 0]
[tether.dl] Iteration#14 RestrictedSolveStatus: relation=recv_transferFrom, status=SAT
[tether.dl] Iteration#14 ProgramAfterRestrictedSynthesis:
addBlackList(p) :- recv_addBlackList(p),owner(o),msgSender(s),o==s.
destroyBlackFund(p,n) :- msgSender(s),recv_destroyBlackFund(p,n),n<=balanceOf_x1,balanceOf(p,balanceOf_x1),owner(o),s==o.
increaseAllowance(o,s,d) :- recv_increaseAllowance(o,s,d),d>0.
redeem(p,n) :- msgSender(s),recv_redeem(p,n),n<=balanceOf_x1,balanceOf(p,balanceOf_x1),owner(o),s==o.
transferFrom(o,r,s,n) :- recv_transferFrom(o,r,s,n),allowance(o,r,allowance_x2),n<allowance_x2.
transfer(s,r,n) :- recv_transfer(s,r,n),balanceOf(r,balanceOf_x1),balanceOf_x1>0.
issue(p,n) :- msgSender(s),n>0,recv_issue(p,n),owner(o),s==o.
[tether.dl] Iteration#14 SynthesisResult: updated
[tether.dl] Iteration#15 ProgramBeforeBMC:
addBlackList(p) :- recv_addBlackList(p),owner(o),msgSender(s),o==s.
destroyBlackFund(p,n) :- msgSender(s),recv_destroyBlackFund(p,n),n<=balanceOf_x1,balanceOf(p,balanceOf_x1),owner(o),s==o.
increaseAllowance(o,s,d) :- recv_increaseAllowance(o,s,d),d>0.
redeem(p,n) :- msgSender(s),recv_redeem(p,n),n<=balanceOf_x1,balanceOf(p,balanceOf_x1),owner(o),s==o.
transferFrom(o,r,s,n) :- recv_transferFrom(o,r,s,n),allowance(o,r,allowance_x2),n<allowance_x2.
transfer(s,r,n) :- recv_transfer(s,r,n),balanceOf(r,balanceOf_x1),balanceOf_x1>0.
issue(p,n) :- msgSender(s),n>0,recv_issue(p,n),owner(o),s==o.
[tether.dl] Iteration#15 BMCInput: bound=5, violationRules=blacklistedTransfer,negativeAllowance,negativeBalance,unauthorizedAddBlackList,unauthorizedDestroyBlackFund,unauthorizedIssue,unauthorizedRedeem,unequalBalance
[BMC] TransitionSystemReady: program=Tether
[BMC] TemporalSpec(state): rule=negativeAllowance, formula=(and (= (select allowance (allowance_keyTuple kv_s kv_p)) kv_n)
     (select allowance__exists (allowance_keyTuple kv_s kv_p))
     (not (<= 0 kv_n))
     (not (= kv_s 0))
     (not (= kv_p 0)))
[BMC] TemporalSpec(state): rule=unequalBalance, formula=(and (= totalBalances kv_s) (= totalSupply kv_n) (not (= kv_s kv_n)))
[BMC] TemporalSpec(state): rule=negativeBalance, formula=(and (= (select balanceOf kv_p) kv_n)
     (select balanceOf__exists kv_p)
     (not (<= 0 kv_n))
     (not (= kv_p 0)))
[BMC] TemporalSpec(state): rule=blacklistedTransfer, formula=(and (= onceBlacklistedTransfer kv_b) kv_b)
[BMC] TemporalSpec(tx): rule=unauthorizedIssue, formula=(and (or (= recv_issue0 1))
     (= owner kv_o)
     (= msgSender kv_s)
     (not (= kv_s kv_o)))
[BMC] TemporalSpec(tx): rule=unauthorizedDestroyBlackFund, formula=(and (or (= recv_destroyBlackFund0 1))
     (= owner kv_o)
     (= msgSender kv_s)
     (not (= kv_s kv_o)))
[BMC] TemporalSpec(tx): rule=unauthorizedAddBlackList, formula=(and (or (= recv_addBlackList0 1))
     (= owner kv_o)
     (= msgSender kv_s)
     (not (= kv_o kv_s)))
[BMC] TemporalSpec(tx): rule=unauthorizedRedeem, formula=(and (or (= recv_redeem0 1))
     (= owner kv_o)
     (= msgSender kv_s)
     (not (= kv_s kv_o)))
[BMC] CheckBound: k=1
[BMC] SolverResult: rule=unauthorizedRedeem, k=1, result=UNSATISFIABLE
[BMC] SolverResult: rule=unauthorizedAddBlackList, k=1, result=UNSATISFIABLE
[BMC] SolverResult: rule=unauthorizedDestroyBlackFund, k=1, result=UNSATISFIABLE
[BMC] SolverResult: rule=unauthorizedIssue, k=1, result=UNSATISFIABLE
[BMC] SolverResult: rule=negativeAllowance, k=1, result=UNSATISFIABLE
[BMC] SolverResult: rule=unequalBalance, k=1, result=UNSATISFIABLE
[BMC] SolverResult: rule=negativeBalance, k=1, result=UNSATISFIABLE
[BMC] SolverResult: rule=blacklistedTransfer, k=1, result=UNSATISFIABLE
[BMC] CheckBound: k=2
[BMC] SolverResult: rule=unauthorizedRedeem, k=2, result=UNSATISFIABLE
[BMC] SolverResult: rule=unauthorizedAddBlackList, k=2, result=UNSATISFIABLE
[BMC] SolverResult: rule=unauthorizedDestroyBlackFund, k=2, result=UNSATISFIABLE
[BMC] SolverResult: rule=unauthorizedIssue, k=2, result=UNSATISFIABLE
[BMC] SolverResult: rule=negativeAllowance, k=2, result=UNSATISFIABLE
[BMC] SolverResult: rule=unequalBalance, k=2, result=UNSATISFIABLE
[BMC] SolverResult: rule=negativeBalance, k=2, result=UNSATISFIABLE
[BMC] SolverResult: rule=blacklistedTransfer, k=2, result=UNSATISFIABLE
[BMC] CheckBound: k=3
[BMC] SolverResult: rule=unauthorizedRedeem, k=3, result=UNSATISFIABLE
[BMC] SolverResult: rule=unauthorizedAddBlackList, k=3, result=UNSATISFIABLE
[BMC] SolverResult: rule=unauthorizedDestroyBlackFund, k=3, result=UNSATISFIABLE
[BMC] SolverResult: rule=unauthorizedIssue, k=3, result=UNSATISFIABLE
[BMC] SolverResult: rule=negativeAllowance, k=3, result=SATISFIABLE
[BMC] CounterexampleFound: rule=negativeAllowance, k=3
[BMC] CounterexampleReturned: rule=negativeAllowance, k=3
[tether.dl] Iteration#15 Counterexample:
Trace:
[0] constructor(0) [msgSender: 10, value: 0]
[1] recv_increaseAllowance(address(14),address(14),2) [msgSender: 10, value: 0]
[2] recv_addBlackList(address(14)) [msgSender: 10, value: 0]
[3] recv_transferFrom(address(14),address(14),address(18),1) [msgSender: 19, value: 0]
[tether.dl] Iteration#15 RestrictedSolveStatus: relation=recv_transferFrom, status=SAT
[tether.dl] Iteration#15 ProgramAfterRestrictedSynthesis:
addBlackList(p) :- recv_addBlackList(p),owner(o),msgSender(s),o==s.
transferFrom(o,r,s,n) :- recv_transferFrom(o,r,s,n),allowance(o,s,allowance_x2),n<=allowance_x2.
destroyBlackFund(p,n) :- msgSender(s),recv_destroyBlackFund(p,n),n<=balanceOf_x1,balanceOf(p,balanceOf_x1),owner(o),s==o.
increaseAllowance(o,s,d) :- recv_increaseAllowance(o,s,d),d>0.
redeem(p,n) :- msgSender(s),recv_redeem(p,n),n<=balanceOf_x1,balanceOf(p,balanceOf_x1),owner(o),s==o.
transfer(s,r,n) :- recv_transfer(s,r,n),balanceOf(r,balanceOf_x1),balanceOf_x1>0.
issue(p,n) :- msgSender(s),n>0,recv_issue(p,n),owner(o),s==o.
[tether.dl] Iteration#15 SynthesisResult: updated
[tether.dl] Iteration#16 ProgramBeforeBMC:
addBlackList(p) :- recv_addBlackList(p),owner(o),msgSender(s),o==s.
transferFrom(o,r,s,n) :- recv_transferFrom(o,r,s,n),allowance(o,s,allowance_x2),n<=allowance_x2.
destroyBlackFund(p,n) :- msgSender(s),recv_destroyBlackFund(p,n),n<=balanceOf_x1,balanceOf(p,balanceOf_x1),owner(o),s==o.
increaseAllowance(o,s,d) :- recv_increaseAllowance(o,s,d),d>0.
redeem(p,n) :- msgSender(s),recv_redeem(p,n),n<=balanceOf_x1,balanceOf(p,balanceOf_x1),owner(o),s==o.
transfer(s,r,n) :- recv_transfer(s,r,n),balanceOf(r,balanceOf_x1),balanceOf_x1>0.
issue(p,n) :- msgSender(s),n>0,recv_issue(p,n),owner(o),s==o.
[tether.dl] Iteration#16 BMCInput: bound=5, violationRules=blacklistedTransfer,negativeAllowance,negativeBalance,unauthorizedAddBlackList,unauthorizedDestroyBlackFund,unauthorizedIssue,unauthorizedRedeem,unequalBalance
[BMC] TransitionSystemReady: program=Tether
[BMC] TemporalSpec(state): rule=negativeAllowance, formula=(and (= (select allowance (allowance_keyTuple kv_s kv_p)) kv_n)
     (select allowance__exists (allowance_keyTuple kv_s kv_p))
     (not (<= 0 kv_n))
     (not (= kv_s 0))
     (not (= kv_p 0)))
[BMC] TemporalSpec(state): rule=unequalBalance, formula=(and (= totalBalances kv_s) (= totalSupply kv_n) (not (= kv_s kv_n)))
[BMC] TemporalSpec(state): rule=negativeBalance, formula=(and (= (select balanceOf kv_p) kv_n)
     (select balanceOf__exists kv_p)
     (not (<= 0 kv_n))
     (not (= kv_p 0)))
[BMC] TemporalSpec(state): rule=blacklistedTransfer, formula=(and (= onceBlacklistedTransfer kv_b) kv_b)
[BMC] TemporalSpec(tx): rule=unauthorizedIssue, formula=(and (or (= recv_issue0 1))
     (= owner kv_o)
     (= msgSender kv_s)
     (not (= kv_s kv_o)))
[BMC] TemporalSpec(tx): rule=unauthorizedDestroyBlackFund, formula=(and (or (= recv_destroyBlackFund0 1))
     (= owner kv_o)
     (= msgSender kv_s)
     (not (= kv_s kv_o)))
[BMC] TemporalSpec(tx): rule=unauthorizedAddBlackList, formula=(and (or (= recv_addBlackList0 1))
     (= owner kv_o)
     (= msgSender kv_s)
     (not (= kv_o kv_s)))
[BMC] TemporalSpec(tx): rule=unauthorizedRedeem, formula=(and (or (= recv_redeem0 1))
     (= owner kv_o)
     (= msgSender kv_s)
     (not (= kv_s kv_o)))
[BMC] CheckBound: k=1
[BMC] SolverResult: rule=unauthorizedRedeem, k=1, result=UNSATISFIABLE
[BMC] SolverResult: rule=unauthorizedAddBlackList, k=1, result=UNSATISFIABLE
[BMC] SolverResult: rule=unauthorizedDestroyBlackFund, k=1, result=UNSATISFIABLE
[BMC] SolverResult: rule=unauthorizedIssue, k=1, result=UNSATISFIABLE
[BMC] SolverResult: rule=negativeAllowance, k=1, result=UNSATISFIABLE
[BMC] SolverResult: rule=unequalBalance, k=1, result=UNSATISFIABLE
[BMC] SolverResult: rule=negativeBalance, k=1, result=UNSATISFIABLE
[BMC] SolverResult: rule=blacklistedTransfer, k=1, result=UNSATISFIABLE
[BMC] CheckBound: k=2
[BMC] SolverResult: rule=unauthorizedRedeem, k=2, result=UNSATISFIABLE
[BMC] SolverResult: rule=unauthorizedAddBlackList, k=2, result=UNSATISFIABLE
[BMC] SolverResult: rule=unauthorizedDestroyBlackFund, k=2, result=UNSATISFIABLE
[BMC] SolverResult: rule=unauthorizedIssue, k=2, result=UNSATISFIABLE
[BMC] SolverResult: rule=negativeAllowance, k=2, result=UNSATISFIABLE
[BMC] SolverResult: rule=unequalBalance, k=2, result=UNSATISFIABLE
[BMC] SolverResult: rule=negativeBalance, k=2, result=UNSATISFIABLE
[BMC] SolverResult: rule=blacklistedTransfer, k=2, result=UNSATISFIABLE
[BMC] CheckBound: k=3
[BMC] SolverResult: rule=unauthorizedRedeem, k=3, result=UNSATISFIABLE
[BMC] SolverResult: rule=unauthorizedAddBlackList, k=3, result=UNSATISFIABLE
[BMC] SolverResult: rule=unauthorizedDestroyBlackFund, k=3, result=UNSATISFIABLE
[BMC] SolverResult: rule=unauthorizedIssue, k=3, result=UNSATISFIABLE
[BMC] SolverResult: rule=negativeAllowance, k=3, result=UNSATISFIABLE
[BMC] SolverResult: rule=unequalBalance, k=3, result=UNSATISFIABLE
[BMC] SolverResult: rule=negativeBalance, k=3, result=UNSATISFIABLE
[BMC] SolverResult: rule=blacklistedTransfer, k=3, result=SATISFIABLE
[BMC] CounterexampleFound: rule=blacklistedTransfer, k=3
[BMC] CounterexampleReturned: rule=blacklistedTransfer, k=3
[tether.dl] Iteration#16 Counterexample:
Trace:
[0] constructor(0) [msgSender: 2, value: 0]
[1] recv_issue(address(10),1) [msgSender: 2, value: 0]
[2] recv_addBlackList(address(10)) [msgSender: 2, value: 0]
[3] recv_transfer(address(10),address(10),38690) [msgSender: 11, value: 0]
[tether.dl] Iteration#16 RestrictedSolveStatus: relation=recv_transfer, status=SAT
[tether.dl] Iteration#16 ProgramAfterRestrictedSynthesis:
addBlackList(p) :- recv_addBlackList(p),owner(o),msgSender(s),o==s.
transferFrom(o,r,s,n) :- recv_transferFrom(o,r,s,n),allowance(o,s,allowance_x2),n<=allowance_x2.
destroyBlackFund(p,n) :- msgSender(s),recv_destroyBlackFund(p,n),n<=balanceOf_x1,balanceOf(p,balanceOf_x1),owner(o),s==o.
transfer(s,r,n) :- recv_transfer(s,r,n),isBlackListed(s,isBlackListed_x1),isBlackListed_x1==false.
increaseAllowance(o,s,d) :- recv_increaseAllowance(o,s,d),d>0.
issue(p,n) :- msgSender(s),n>0,recv_issue(p,n),owner(o),s==o.
redeem(p,n) :- msgSender(s),recv_redeem(p,n),n<=balanceOf_x1,balanceOf(p,balanceOf_x1),owner(o),s==o.
[tether.dl] Iteration#16 SynthesisResult: updated
[tether.dl] Iteration#17 ProgramBeforeBMC:
addBlackList(p) :- recv_addBlackList(p),owner(o),msgSender(s),o==s.
transferFrom(o,r,s,n) :- recv_transferFrom(o,r,s,n),allowance(o,s,allowance_x2),n<=allowance_x2.
destroyBlackFund(p,n) :- msgSender(s),recv_destroyBlackFund(p,n),n<=balanceOf_x1,balanceOf(p,balanceOf_x1),owner(o),s==o.
transfer(s,r,n) :- recv_transfer(s,r,n),isBlackListed(s,isBlackListed_x1),isBlackListed_x1==false.
increaseAllowance(o,s,d) :- recv_increaseAllowance(o,s,d),d>0.
issue(p,n) :- msgSender(s),n>0,recv_issue(p,n),owner(o),s==o.
redeem(p,n) :- msgSender(s),recv_redeem(p,n),n<=balanceOf_x1,balanceOf(p,balanceOf_x1),owner(o),s==o.
[tether.dl] Iteration#17 BMCInput: bound=5, violationRules=blacklistedTransfer,negativeAllowance,negativeBalance,unauthorizedAddBlackList,unauthorizedDestroyBlackFund,unauthorizedIssue,unauthorizedRedeem,unequalBalance
[BMC] TransitionSystemReady: program=Tether
[BMC] TemporalSpec(state): rule=negativeAllowance, formula=(and (= (select allowance (allowance_keyTuple kv_s kv_p)) kv_n)
     (select allowance__exists (allowance_keyTuple kv_s kv_p))
     (not (<= 0 kv_n))
     (not (= kv_s 0))
     (not (= kv_p 0)))
[BMC] TemporalSpec(state): rule=unequalBalance, formula=(and (= totalBalances kv_s) (= totalSupply kv_n) (not (= kv_s kv_n)))
[BMC] TemporalSpec(state): rule=negativeBalance, formula=(and (= (select balanceOf kv_p) kv_n)
     (select balanceOf__exists kv_p)
     (not (<= 0 kv_n))
     (not (= kv_p 0)))
[BMC] TemporalSpec(state): rule=blacklistedTransfer, formula=(and (= onceBlacklistedTransfer kv_b) kv_b)
[BMC] TemporalSpec(tx): rule=unauthorizedIssue, formula=(and (or (= recv_issue0 1))
     (= owner kv_o)
     (= msgSender kv_s)
     (not (= kv_s kv_o)))
[BMC] TemporalSpec(tx): rule=unauthorizedDestroyBlackFund, formula=(and (or (= recv_destroyBlackFund0 1))
     (= owner kv_o)
     (= msgSender kv_s)
     (not (= kv_s kv_o)))
[BMC] TemporalSpec(tx): rule=unauthorizedAddBlackList, formula=(and (or (= recv_addBlackList0 1))
     (= owner kv_o)
     (= msgSender kv_s)
     (not (= kv_o kv_s)))
[BMC] TemporalSpec(tx): rule=unauthorizedRedeem, formula=(and (or (= recv_redeem0 1))
     (= owner kv_o)
     (= msgSender kv_s)
     (not (= kv_s kv_o)))
[BMC] CheckBound: k=1
[BMC] SolverResult: rule=unauthorizedRedeem, k=1, result=UNSATISFIABLE
[BMC] SolverResult: rule=unauthorizedAddBlackList, k=1, result=UNSATISFIABLE
[BMC] SolverResult: rule=unauthorizedDestroyBlackFund, k=1, result=UNSATISFIABLE
[BMC] SolverResult: rule=unauthorizedIssue, k=1, result=UNSATISFIABLE
[BMC] SolverResult: rule=negativeAllowance, k=1, result=UNSATISFIABLE
[BMC] SolverResult: rule=unequalBalance, k=1, result=UNSATISFIABLE
[BMC] SolverResult: rule=negativeBalance, k=1, result=UNSATISFIABLE
[BMC] SolverResult: rule=blacklistedTransfer, k=1, result=UNSATISFIABLE
[BMC] CheckBound: k=2
[BMC] SolverResult: rule=unauthorizedRedeem, k=2, result=UNSATISFIABLE
[BMC] SolverResult: rule=unauthorizedAddBlackList, k=2, result=UNSATISFIABLE
[BMC] SolverResult: rule=unauthorizedDestroyBlackFund, k=2, result=UNSATISFIABLE
[BMC] SolverResult: rule=unauthorizedIssue, k=2, result=UNSATISFIABLE
[BMC] SolverResult: rule=negativeAllowance, k=2, result=UNSATISFIABLE
[BMC] SolverResult: rule=unequalBalance, k=2, result=UNSATISFIABLE
[BMC] SolverResult: rule=negativeBalance, k=2, result=UNSATISFIABLE
[BMC] SolverResult: rule=blacklistedTransfer, k=2, result=UNSATISFIABLE
[BMC] CheckBound: k=3
[BMC] SolverResult: rule=unauthorizedRedeem, k=3, result=UNSATISFIABLE
[BMC] SolverResult: rule=unauthorizedAddBlackList, k=3, result=UNSATISFIABLE
[BMC] SolverResult: rule=unauthorizedDestroyBlackFund, k=3, result=UNSATISFIABLE
[BMC] SolverResult: rule=unauthorizedIssue, k=3, result=UNSATISFIABLE
[BMC] SolverResult: rule=negativeAllowance, k=3, result=UNSATISFIABLE
[BMC] SolverResult: rule=unequalBalance, k=3, result=UNSATISFIABLE
[BMC] SolverResult: rule=negativeBalance, k=3, result=UNSATISFIABLE
[BMC] SolverResult: rule=blacklistedTransfer, k=3, result=SATISFIABLE
[BMC] CounterexampleFound: rule=blacklistedTransfer, k=3
[BMC] CounterexampleReturned: rule=blacklistedTransfer, k=3
[tether.dl] Iteration#17 Counterexample:
Trace:
[0] constructor(0) [msgSender: 2, value: 0]
[1] recv_addBlackList(address(8)) [msgSender: 2, value: 0]
[2] recv_increaseAllowance(address(8),address(9),36511) [msgSender: 10, value: 0]
[3] recv_transferFrom(address(8),address(8),address(9),7630) [msgSender: 10, value: 0]
[tether.dl] Iteration#17 RestrictedSolveStatus: relation=recv_transferFrom, status=SAT
[tether.dl] Iteration#17 ProgramAfterRestrictedSynthesis:
addBlackList(p) :- recv_addBlackList(p),owner(o),msgSender(s),o==s.
transferFrom(o,r,s,n) :- recv_transferFrom(o,r,s,n),allowance(s,o,allowance_x2),n<=allowance_x2.
destroyBlackFund(p,n) :- msgSender(s),recv_destroyBlackFund(p,n),n<=balanceOf_x1,balanceOf(p,balanceOf_x1),owner(o),s==o.
transfer(s,r,n) :- recv_transfer(s,r,n),isBlackListed(s,isBlackListed_x1),isBlackListed_x1==false.
increaseAllowance(o,s,d) :- recv_increaseAllowance(o,s,d),d>0.
issue(p,n) :- msgSender(s),n>0,recv_issue(p,n),owner(o),s==o.
redeem(p,n) :- msgSender(s),recv_redeem(p,n),n<=balanceOf_x1,balanceOf(p,balanceOf_x1),owner(o),s==o.
[tether.dl] Iteration#17 SynthesisResult: updated
[tether.dl] Iteration#18 ProgramBeforeBMC:
addBlackList(p) :- recv_addBlackList(p),owner(o),msgSender(s),o==s.
transferFrom(o,r,s,n) :- recv_transferFrom(o,r,s,n),allowance(s,o,allowance_x2),n<=allowance_x2.
destroyBlackFund(p,n) :- msgSender(s),recv_destroyBlackFund(p,n),n<=balanceOf_x1,balanceOf(p,balanceOf_x1),owner(o),s==o.
transfer(s,r,n) :- recv_transfer(s,r,n),isBlackListed(s,isBlackListed_x1),isBlackListed_x1==false.
increaseAllowance(o,s,d) :- recv_increaseAllowance(o,s,d),d>0.
issue(p,n) :- msgSender(s),n>0,recv_issue(p,n),owner(o),s==o.
redeem(p,n) :- msgSender(s),recv_redeem(p,n),n<=balanceOf_x1,balanceOf(p,balanceOf_x1),owner(o),s==o.
[tether.dl] Iteration#18 BMCInput: bound=5, violationRules=blacklistedTransfer,negativeAllowance,negativeBalance,unauthorizedAddBlackList,unauthorizedDestroyBlackFund,unauthorizedIssue,unauthorizedRedeem,unequalBalance
[BMC] TransitionSystemReady: program=Tether
[BMC] TemporalSpec(state): rule=negativeAllowance, formula=(and (= (select allowance (allowance_keyTuple kv_s kv_p)) kv_n)
     (select allowance__exists (allowance_keyTuple kv_s kv_p))
     (not (<= 0 kv_n))
     (not (= kv_s 0))
     (not (= kv_p 0)))
[BMC] TemporalSpec(state): rule=unequalBalance, formula=(and (= totalBalances kv_s) (= totalSupply kv_n) (not (= kv_s kv_n)))
[BMC] TemporalSpec(state): rule=negativeBalance, formula=(and (= (select balanceOf kv_p) kv_n)
     (select balanceOf__exists kv_p)
     (not (<= 0 kv_n))
     (not (= kv_p 0)))
[BMC] TemporalSpec(state): rule=blacklistedTransfer, formula=(and (= onceBlacklistedTransfer kv_b) kv_b)
[BMC] TemporalSpec(tx): rule=unauthorizedIssue, formula=(and (or (= recv_issue0 1))
     (= owner kv_o)
     (= msgSender kv_s)
     (not (= kv_s kv_o)))
[BMC] TemporalSpec(tx): rule=unauthorizedDestroyBlackFund, formula=(and (or (= recv_destroyBlackFund0 1))
     (= owner kv_o)
     (= msgSender kv_s)
     (not (= kv_s kv_o)))
[BMC] TemporalSpec(tx): rule=unauthorizedAddBlackList, formula=(and (or (= recv_addBlackList0 1))
     (= owner kv_o)
     (= msgSender kv_s)
     (not (= kv_o kv_s)))
[BMC] TemporalSpec(tx): rule=unauthorizedRedeem, formula=(and (or (= recv_redeem0 1))
     (= owner kv_o)
     (= msgSender kv_s)
     (not (= kv_s kv_o)))
[BMC] CheckBound: k=1
[BMC] SolverResult: rule=unauthorizedRedeem, k=1, result=UNSATISFIABLE
[BMC] SolverResult: rule=unauthorizedAddBlackList, k=1, result=UNSATISFIABLE
[BMC] SolverResult: rule=unauthorizedDestroyBlackFund, k=1, result=UNSATISFIABLE
[BMC] SolverResult: rule=unauthorizedIssue, k=1, result=UNSATISFIABLE
[BMC] SolverResult: rule=negativeAllowance, k=1, result=UNSATISFIABLE
[BMC] SolverResult: rule=unequalBalance, k=1, result=UNSATISFIABLE
[BMC] SolverResult: rule=negativeBalance, k=1, result=UNSATISFIABLE
[BMC] SolverResult: rule=blacklistedTransfer, k=1, result=UNSATISFIABLE
[BMC] CheckBound: k=2
[BMC] SolverResult: rule=unauthorizedRedeem, k=2, result=UNSATISFIABLE
[BMC] SolverResult: rule=unauthorizedAddBlackList, k=2, result=UNSATISFIABLE
[BMC] SolverResult: rule=unauthorizedDestroyBlackFund, k=2, result=UNSATISFIABLE
[BMC] SolverResult: rule=unauthorizedIssue, k=2, result=UNSATISFIABLE
[BMC] SolverResult: rule=negativeAllowance, k=2, result=UNSATISFIABLE
[BMC] SolverResult: rule=unequalBalance, k=2, result=UNSATISFIABLE
[BMC] SolverResult: rule=negativeBalance, k=2, result=UNSATISFIABLE
[BMC] SolverResult: rule=blacklistedTransfer, k=2, result=UNSATISFIABLE
[BMC] CheckBound: k=3
[BMC] SolverResult: rule=unauthorizedRedeem, k=3, result=UNSATISFIABLE
[BMC] SolverResult: rule=unauthorizedAddBlackList, k=3, result=UNSATISFIABLE
[BMC] SolverResult: rule=unauthorizedDestroyBlackFund, k=3, result=UNSATISFIABLE
[BMC] SolverResult: rule=unauthorizedIssue, k=3, result=UNSATISFIABLE
[BMC] SolverResult: rule=negativeAllowance, k=3, result=SATISFIABLE
[BMC] CounterexampleFound: rule=negativeAllowance, k=3
[BMC] CounterexampleReturned: rule=negativeAllowance, k=3
[tether.dl] Iteration#18 Counterexample:
Trace:
[0] constructor(0) [msgSender: 11, value: 0]
[1] recv_increaseAllowance(address(10),address(11),1) [msgSender: 11, value: 0]
[2] recv_addBlackList(address(11)) [msgSender: 11, value: 0]
[3] recv_transferFrom(address(11),address(11),address(10),1) [msgSender: 11, value: 0]
[tether.dl] Iteration#18 RestrictedSolveStatus: relation=recv_transferFrom, status=SAT
[tether.dl] Iteration#18 ProgramAfterRestrictedSynthesis:
addBlackList(p) :- recv_addBlackList(p),owner(o),msgSender(s),o==s.
destroyBlackFund(p,n) :- msgSender(s),recv_destroyBlackFund(p,n),n<=balanceOf_x1,balanceOf(p,balanceOf_x1),owner(o),s==o.
transfer(s,r,n) :- recv_transfer(s,r,n),isBlackListed(s,isBlackListed_x1),isBlackListed_x1==false.
transferFrom(o,r,s,n) :- recv_transferFrom(o,r,s,n),allowance(s,o,allowance_x2),n<allowance_x2.
increaseAllowance(o,s,d) :- recv_increaseAllowance(o,s,d),d>0.
issue(p,n) :- msgSender(s),n>0,recv_issue(p,n),owner(o),s==o.
redeem(p,n) :- msgSender(s),recv_redeem(p,n),n<=balanceOf_x1,balanceOf(p,balanceOf_x1),owner(o),s==o.
[tether.dl] Iteration#18 SynthesisResult: updated
[tether.dl] Iteration#19 ProgramBeforeBMC:
addBlackList(p) :- recv_addBlackList(p),owner(o),msgSender(s),o==s.
destroyBlackFund(p,n) :- msgSender(s),recv_destroyBlackFund(p,n),n<=balanceOf_x1,balanceOf(p,balanceOf_x1),owner(o),s==o.
transfer(s,r,n) :- recv_transfer(s,r,n),isBlackListed(s,isBlackListed_x1),isBlackListed_x1==false.
transferFrom(o,r,s,n) :- recv_transferFrom(o,r,s,n),allowance(s,o,allowance_x2),n<allowance_x2.
increaseAllowance(o,s,d) :- recv_increaseAllowance(o,s,d),d>0.
issue(p,n) :- msgSender(s),n>0,recv_issue(p,n),owner(o),s==o.
redeem(p,n) :- msgSender(s),recv_redeem(p,n),n<=balanceOf_x1,balanceOf(p,balanceOf_x1),owner(o),s==o.
[tether.dl] Iteration#19 BMCInput: bound=5, violationRules=blacklistedTransfer,negativeAllowance,negativeBalance,unauthorizedAddBlackList,unauthorizedDestroyBlackFund,unauthorizedIssue,unauthorizedRedeem,unequalBalance
[BMC] TransitionSystemReady: program=Tether
[BMC] TemporalSpec(state): rule=negativeAllowance, formula=(and (= (select allowance (allowance_keyTuple kv_s kv_p)) kv_n)
     (select allowance__exists (allowance_keyTuple kv_s kv_p))
     (not (<= 0 kv_n))
     (not (= kv_s 0))
     (not (= kv_p 0)))
[BMC] TemporalSpec(state): rule=unequalBalance, formula=(and (= totalBalances kv_s) (= totalSupply kv_n) (not (= kv_s kv_n)))
[BMC] TemporalSpec(state): rule=negativeBalance, formula=(and (= (select balanceOf kv_p) kv_n)
     (select balanceOf__exists kv_p)
     (not (<= 0 kv_n))
     (not (= kv_p 0)))
[BMC] TemporalSpec(state): rule=blacklistedTransfer, formula=(and (= onceBlacklistedTransfer kv_b) kv_b)
[BMC] TemporalSpec(tx): rule=unauthorizedIssue, formula=(and (or (= recv_issue0 1))
     (= owner kv_o)
     (= msgSender kv_s)
     (not (= kv_s kv_o)))
[BMC] TemporalSpec(tx): rule=unauthorizedDestroyBlackFund, formula=(and (or (= recv_destroyBlackFund0 1))
     (= owner kv_o)
     (= msgSender kv_s)
     (not (= kv_s kv_o)))
[BMC] TemporalSpec(tx): rule=unauthorizedAddBlackList, formula=(and (or (= recv_addBlackList0 1))
     (= owner kv_o)
     (= msgSender kv_s)
     (not (= kv_o kv_s)))
[BMC] TemporalSpec(tx): rule=unauthorizedRedeem, formula=(and (or (= recv_redeem0 1))
     (= owner kv_o)
     (= msgSender kv_s)
     (not (= kv_s kv_o)))
[BMC] CheckBound: k=1
[BMC] SolverResult: rule=unauthorizedRedeem, k=1, result=UNSATISFIABLE
[BMC] SolverResult: rule=unauthorizedAddBlackList, k=1, result=UNSATISFIABLE
[BMC] SolverResult: rule=unauthorizedDestroyBlackFund, k=1, result=UNSATISFIABLE
[BMC] SolverResult: rule=unauthorizedIssue, k=1, result=UNSATISFIABLE
[BMC] SolverResult: rule=negativeAllowance, k=1, result=UNSATISFIABLE
[BMC] SolverResult: rule=unequalBalance, k=1, result=UNSATISFIABLE
[BMC] SolverResult: rule=negativeBalance, k=1, result=UNSATISFIABLE
[BMC] SolverResult: rule=blacklistedTransfer, k=1, result=UNSATISFIABLE
[BMC] CheckBound: k=2
[BMC] SolverResult: rule=unauthorizedRedeem, k=2, result=UNSATISFIABLE
[BMC] SolverResult: rule=unauthorizedAddBlackList, k=2, result=UNSATISFIABLE
[BMC] SolverResult: rule=unauthorizedDestroyBlackFund, k=2, result=UNSATISFIABLE
[BMC] SolverResult: rule=unauthorizedIssue, k=2, result=UNSATISFIABLE
[BMC] SolverResult: rule=negativeAllowance, k=2, result=UNSATISFIABLE
[BMC] SolverResult: rule=unequalBalance, k=2, result=UNSATISFIABLE
[BMC] SolverResult: rule=negativeBalance, k=2, result=UNSATISFIABLE
[BMC] SolverResult: rule=blacklistedTransfer, k=2, result=UNSATISFIABLE
[BMC] CheckBound: k=3
[BMC] SolverResult: rule=unauthorizedRedeem, k=3, result=UNSATISFIABLE
[BMC] SolverResult: rule=unauthorizedAddBlackList, k=3, result=UNSATISFIABLE
[BMC] SolverResult: rule=unauthorizedDestroyBlackFund, k=3, result=UNSATISFIABLE
[BMC] SolverResult: rule=unauthorizedIssue, k=3, result=UNSATISFIABLE
[BMC] SolverResult: rule=negativeAllowance, k=3, result=SATISFIABLE
[BMC] CounterexampleFound: rule=negativeAllowance, k=3
[BMC] CounterexampleReturned: rule=negativeAllowance, k=3
[tether.dl] Iteration#19 Counterexample:
Trace:
[0] constructor(0) [msgSender: 8, value: 0]
[1] recv_increaseAllowance(address(11),address(12),18700) [msgSender: 8, value: 0]
[2] recv_addBlackList(address(12)) [msgSender: 8, value: 0]
[3] recv_transferFrom(address(12),address(12),address(11),18699) [msgSender: 12, value: 0]
[tether.dl] Iteration#19 RestrictedSolveStatus: relation=recv_transferFrom, status=SAT
[tether.dl] Iteration#19 ProgramAfterRestrictedSynthesis:
addBlackList(p) :- recv_addBlackList(p),owner(o),msgSender(s),o==s.
destroyBlackFund(p,n) :- msgSender(s),recv_destroyBlackFund(p,n),n<=balanceOf_x1,balanceOf(p,balanceOf_x1),owner(o),s==o.
increaseAllowance(o,s,d) :- recv_increaseAllowance(o,s,d),d>0.
issue(p,n) :- msgSender(s),n>0,recv_issue(p,n),owner(o),s==o.
redeem(p,n) :- msgSender(s),recv_redeem(p,n),n<=balanceOf_x1,balanceOf(p,balanceOf_x1),owner(o),s==o.
transferFrom(o,r,s,n) :- recv_transferFrom(o,r,s,n),balanceOf(o,balanceOf_x1),0!=balanceOf_x1.
transfer(s,r,n) :- recv_transfer(s,r,n),isBlackListed(s,isBlackListed_x1),isBlackListed_x1==false.
[tether.dl] Iteration#19 SynthesisResult: updated
[tether.dl] Iteration#20 ProgramBeforeBMC:
addBlackList(p) :- recv_addBlackList(p),owner(o),msgSender(s),o==s.
destroyBlackFund(p,n) :- msgSender(s),recv_destroyBlackFund(p,n),n<=balanceOf_x1,balanceOf(p,balanceOf_x1),owner(o),s==o.
increaseAllowance(o,s,d) :- recv_increaseAllowance(o,s,d),d>0.
issue(p,n) :- msgSender(s),n>0,recv_issue(p,n),owner(o),s==o.
redeem(p,n) :- msgSender(s),recv_redeem(p,n),n<=balanceOf_x1,balanceOf(p,balanceOf_x1),owner(o),s==o.
transferFrom(o,r,s,n) :- recv_transferFrom(o,r,s,n),balanceOf(o,balanceOf_x1),0!=balanceOf_x1.
transfer(s,r,n) :- recv_transfer(s,r,n),isBlackListed(s,isBlackListed_x1),isBlackListed_x1==false.
[tether.dl] Iteration#20 BMCInput: bound=5, violationRules=blacklistedTransfer,negativeAllowance,negativeBalance,unauthorizedAddBlackList,unauthorizedDestroyBlackFund,unauthorizedIssue,unauthorizedRedeem,unequalBalance
[BMC] TransitionSystemReady: program=Tether
[BMC] TemporalSpec(state): rule=negativeAllowance, formula=(and (= (select allowance (allowance_keyTuple kv_s kv_p)) kv_n)
     (select allowance__exists (allowance_keyTuple kv_s kv_p))
     (not (<= 0 kv_n))
     (not (= kv_s 0))
     (not (= kv_p 0)))
[BMC] TemporalSpec(state): rule=unequalBalance, formula=(and (= totalBalances kv_s) (= totalSupply kv_n) (not (= kv_s kv_n)))
[BMC] TemporalSpec(state): rule=negativeBalance, formula=(and (= (select balanceOf kv_p) kv_n)
     (select balanceOf__exists kv_p)
     (not (<= 0 kv_n))
     (not (= kv_p 0)))
[BMC] TemporalSpec(state): rule=blacklistedTransfer, formula=(and (= onceBlacklistedTransfer kv_b) kv_b)
[BMC] TemporalSpec(tx): rule=unauthorizedIssue, formula=(and (or (= recv_issue0 1))
     (= owner kv_o)
     (= msgSender kv_s)
     (not (= kv_s kv_o)))
[BMC] TemporalSpec(tx): rule=unauthorizedDestroyBlackFund, formula=(and (or (= recv_destroyBlackFund0 1))
     (= owner kv_o)
     (= msgSender kv_s)
     (not (= kv_s kv_o)))
[BMC] TemporalSpec(tx): rule=unauthorizedAddBlackList, formula=(and (or (= recv_addBlackList0 1))
     (= owner kv_o)
     (= msgSender kv_s)
     (not (= kv_o kv_s)))
[BMC] TemporalSpec(tx): rule=unauthorizedRedeem, formula=(and (or (= recv_redeem0 1))
     (= owner kv_o)
     (= msgSender kv_s)
     (not (= kv_s kv_o)))
[BMC] CheckBound: k=1
[BMC] SolverResult: rule=unauthorizedRedeem, k=1, result=UNSATISFIABLE
[BMC] SolverResult: rule=unauthorizedAddBlackList, k=1, result=UNSATISFIABLE
[BMC] SolverResult: rule=unauthorizedDestroyBlackFund, k=1, result=UNSATISFIABLE
[BMC] SolverResult: rule=unauthorizedIssue, k=1, result=UNSATISFIABLE
[BMC] SolverResult: rule=negativeAllowance, k=1, result=UNSATISFIABLE
[BMC] SolverResult: rule=unequalBalance, k=1, result=UNSATISFIABLE
[BMC] SolverResult: rule=negativeBalance, k=1, result=UNSATISFIABLE
[BMC] SolverResult: rule=blacklistedTransfer, k=1, result=UNSATISFIABLE
[BMC] CheckBound: k=2
[BMC] SolverResult: rule=unauthorizedRedeem, k=2, result=UNSATISFIABLE
[BMC] SolverResult: rule=unauthorizedAddBlackList, k=2, result=UNSATISFIABLE
[BMC] SolverResult: rule=unauthorizedDestroyBlackFund, k=2, result=UNSATISFIABLE
[BMC] SolverResult: rule=unauthorizedIssue, k=2, result=UNSATISFIABLE
[BMC] SolverResult: rule=negativeAllowance, k=2, result=UNSATISFIABLE
[BMC] SolverResult: rule=unequalBalance, k=2, result=UNSATISFIABLE
[BMC] SolverResult: rule=negativeBalance, k=2, result=UNSATISFIABLE
[BMC] SolverResult: rule=blacklistedTransfer, k=2, result=UNSATISFIABLE
[BMC] CheckBound: k=3
[BMC] SolverResult: rule=unauthorizedRedeem, k=3, result=UNSATISFIABLE
[BMC] SolverResult: rule=unauthorizedAddBlackList, k=3, result=UNSATISFIABLE
[BMC] SolverResult: rule=unauthorizedDestroyBlackFund, k=3, result=UNSATISFIABLE
[BMC] SolverResult: rule=unauthorizedIssue, k=3, result=UNSATISFIABLE
[BMC] SolverResult: rule=negativeAllowance, k=3, result=SATISFIABLE
[BMC] CounterexampleFound: rule=negativeAllowance, k=3
[BMC] CounterexampleReturned: rule=negativeAllowance, k=3
[tether.dl] Iteration#20 Counterexample:
Trace:
[0] constructor(0) [msgSender: 3, value: 0]
[1] recv_issue(address(13),1) [msgSender: 3, value: 0]
[2] recv_addBlackList(address(13)) [msgSender: 3, value: 0]
[3] recv_transferFrom(address(13),address(13),address(14),1) [msgSender: 15, value: 0]
[tether.dl] Iteration#20 RestrictedSolveStatus: relation=recv_transferFrom, status=SAT
[tether.dl] Iteration#20 ProgramAfterRestrictedSynthesis:
addBlackList(p) :- recv_addBlackList(p),owner(o),msgSender(s),o==s.
destroyBlackFund(p,n) :- msgSender(s),recv_destroyBlackFund(p,n),n<=balanceOf_x1,balanceOf(p,balanceOf_x1),owner(o),s==o.
transfer(s,r,n) :- recv_transfer(s,r,n),isBlackListed(s,isBlackListed_x1),isBlackListed_x1==false.
transferFrom(o,r,s,n) :- recv_transferFrom(o,r,s,n),balanceOf(o,balanceOf_x1),n<balanceOf_x1.
increaseAllowance(o,s,d) :- recv_increaseAllowance(o,s,d),d>0.
issue(p,n) :- msgSender(s),n>0,recv_issue(p,n),owner(o),s==o.
redeem(p,n) :- msgSender(s),recv_redeem(p,n),n<=balanceOf_x1,balanceOf(p,balanceOf_x1),owner(o),s==o.
[tether.dl] Iteration#20 SynthesisResult: updated
[tether.dl] Iteration#21 ProgramBeforeBMC:
addBlackList(p) :- recv_addBlackList(p),owner(o),msgSender(s),o==s.
destroyBlackFund(p,n) :- msgSender(s),recv_destroyBlackFund(p,n),n<=balanceOf_x1,balanceOf(p,balanceOf_x1),owner(o),s==o.
transfer(s,r,n) :- recv_transfer(s,r,n),isBlackListed(s,isBlackListed_x1),isBlackListed_x1==false.
transferFrom(o,r,s,n) :- recv_transferFrom(o,r,s,n),balanceOf(o,balanceOf_x1),n<balanceOf_x1.
increaseAllowance(o,s,d) :- recv_increaseAllowance(o,s,d),d>0.
issue(p,n) :- msgSender(s),n>0,recv_issue(p,n),owner(o),s==o.
redeem(p,n) :- msgSender(s),recv_redeem(p,n),n<=balanceOf_x1,balanceOf(p,balanceOf_x1),owner(o),s==o.
[tether.dl] Iteration#21 BMCInput: bound=5, violationRules=blacklistedTransfer,negativeAllowance,negativeBalance,unauthorizedAddBlackList,unauthorizedDestroyBlackFund,unauthorizedIssue,unauthorizedRedeem,unequalBalance
[BMC] TransitionSystemReady: program=Tether
[BMC] TemporalSpec(state): rule=negativeAllowance, formula=(and (= (select allowance (allowance_keyTuple kv_s kv_p)) kv_n)
     (select allowance__exists (allowance_keyTuple kv_s kv_p))
     (not (<= 0 kv_n))
     (not (= kv_s 0))
     (not (= kv_p 0)))
[BMC] TemporalSpec(state): rule=unequalBalance, formula=(and (= totalBalances kv_s) (= totalSupply kv_n) (not (= kv_s kv_n)))
[BMC] TemporalSpec(state): rule=negativeBalance, formula=(and (= (select balanceOf kv_p) kv_n)
     (select balanceOf__exists kv_p)
     (not (<= 0 kv_n))
     (not (= kv_p 0)))
[BMC] TemporalSpec(state): rule=blacklistedTransfer, formula=(and (= onceBlacklistedTransfer kv_b) kv_b)
[BMC] TemporalSpec(tx): rule=unauthorizedIssue, formula=(and (or (= recv_issue0 1))
     (= owner kv_o)
     (= msgSender kv_s)
     (not (= kv_s kv_o)))
[BMC] TemporalSpec(tx): rule=unauthorizedDestroyBlackFund, formula=(and (or (= recv_destroyBlackFund0 1))
     (= owner kv_o)
     (= msgSender kv_s)
     (not (= kv_s kv_o)))
[BMC] TemporalSpec(tx): rule=unauthorizedAddBlackList, formula=(and (or (= recv_addBlackList0 1))
     (= owner kv_o)
     (= msgSender kv_s)
     (not (= kv_o kv_s)))
[BMC] TemporalSpec(tx): rule=unauthorizedRedeem, formula=(and (or (= recv_redeem0 1))
     (= owner kv_o)
     (= msgSender kv_s)
     (not (= kv_s kv_o)))
[BMC] CheckBound: k=1
[BMC] SolverResult: rule=unauthorizedRedeem, k=1, result=UNSATISFIABLE
[BMC] SolverResult: rule=unauthorizedAddBlackList, k=1, result=UNSATISFIABLE
[BMC] SolverResult: rule=unauthorizedDestroyBlackFund, k=1, result=UNSATISFIABLE
[BMC] SolverResult: rule=unauthorizedIssue, k=1, result=UNSATISFIABLE
[BMC] SolverResult: rule=negativeAllowance, k=1, result=UNSATISFIABLE
[BMC] SolverResult: rule=unequalBalance, k=1, result=UNSATISFIABLE
[BMC] SolverResult: rule=negativeBalance, k=1, result=UNSATISFIABLE
[BMC] SolverResult: rule=blacklistedTransfer, k=1, result=UNSATISFIABLE
[BMC] CheckBound: k=2
[BMC] SolverResult: rule=unauthorizedRedeem, k=2, result=UNSATISFIABLE
[BMC] SolverResult: rule=unauthorizedAddBlackList, k=2, result=UNSATISFIABLE
[BMC] SolverResult: rule=unauthorizedDestroyBlackFund, k=2, result=UNSATISFIABLE
[BMC] SolverResult: rule=unauthorizedIssue, k=2, result=UNSATISFIABLE
[BMC] SolverResult: rule=negativeAllowance, k=2, result=UNSATISFIABLE
[BMC] SolverResult: rule=unequalBalance, k=2, result=UNSATISFIABLE
[BMC] SolverResult: rule=negativeBalance, k=2, result=UNSATISFIABLE
[BMC] SolverResult: rule=blacklistedTransfer, k=2, result=UNSATISFIABLE
[BMC] CheckBound: k=3
[BMC] SolverResult: rule=unauthorizedRedeem, k=3, result=UNSATISFIABLE
[BMC] SolverResult: rule=unauthorizedAddBlackList, k=3, result=UNSATISFIABLE
[BMC] SolverResult: rule=unauthorizedDestroyBlackFund, k=3, result=UNSATISFIABLE
[BMC] SolverResult: rule=unauthorizedIssue, k=3, result=UNSATISFIABLE
[BMC] SolverResult: rule=negativeAllowance, k=3, result=SATISFIABLE
[BMC] CounterexampleFound: rule=negativeAllowance, k=3
[BMC] CounterexampleReturned: rule=negativeAllowance, k=3
[tether.dl] Iteration#21 Counterexample:
Trace:
[0] constructor(0) [msgSender: 13, value: 0]
[1] recv_issue(address(13),19457) [msgSender: 13, value: 0]
[2] recv_addBlackList(address(13)) [msgSender: 13, value: 0]
[3] recv_transferFrom(address(13),address(13),address(13),19456) [msgSender: 14, value: 0]
[tether.dl] Iteration#21 RestrictedSolveStatus: relation=recv_transferFrom, status=SAT
[tether.dl] Iteration#21 ProgramAfterRestrictedSynthesis:
addBlackList(p) :- recv_addBlackList(p),owner(o),msgSender(s),o==s.
transferFrom(o,r,s,n) :- n<=allowance_x2_0,allowance(r,s,allowance_x2_1),allowance(s,o,allowance_x2_0),n<allowance_x2_1,recv_transferFrom(o,r,s,n).
destroyBlackFund(p,n) :- msgSender(s),recv_destroyBlackFund(p,n),n<=balanceOf_x1,balanceOf(p,balanceOf_x1),owner(o),s==o.
transfer(s,r,n) :- recv_transfer(s,r,n),isBlackListed(s,isBlackListed_x1),isBlackListed_x1==false.
increaseAllowance(o,s,d) :- recv_increaseAllowance(o,s,d),d>0.
issue(p,n) :- msgSender(s),n>0,recv_issue(p,n),owner(o),s==o.
redeem(p,n) :- msgSender(s),recv_redeem(p,n),n<=balanceOf_x1,balanceOf(p,balanceOf_x1),owner(o),s==o.
[tether.dl] Iteration#21 SynthesisResult: updated
[tether.dl] Iteration#22 ProgramBeforeBMC:
addBlackList(p) :- recv_addBlackList(p),owner(o),msgSender(s),o==s.
transferFrom(o,r,s,n) :- n<=allowance_x2_0,allowance(r,s,allowance_x2_1),allowance(s,o,allowance_x2_0),n<allowance_x2_1,recv_transferFrom(o,r,s,n).
destroyBlackFund(p,n) :- msgSender(s),recv_destroyBlackFund(p,n),n<=balanceOf_x1,balanceOf(p,balanceOf_x1),owner(o),s==o.
transfer(s,r,n) :- recv_transfer(s,r,n),isBlackListed(s,isBlackListed_x1),isBlackListed_x1==false.
increaseAllowance(o,s,d) :- recv_increaseAllowance(o,s,d),d>0.
issue(p,n) :- msgSender(s),n>0,recv_issue(p,n),owner(o),s==o.
redeem(p,n) :- msgSender(s),recv_redeem(p,n),n<=balanceOf_x1,balanceOf(p,balanceOf_x1),owner(o),s==o.
[tether.dl] Iteration#22 BMCInput: bound=5, violationRules=blacklistedTransfer,negativeAllowance,negativeBalance,unauthorizedAddBlackList,unauthorizedDestroyBlackFund,unauthorizedIssue,unauthorizedRedeem,unequalBalance
[BMC] TransitionSystemReady: program=Tether
[BMC] TemporalSpec(state): rule=negativeAllowance, formula=(and (= (select allowance (allowance_keyTuple kv_s kv_p)) kv_n)
     (select allowance__exists (allowance_keyTuple kv_s kv_p))
     (not (<= 0 kv_n))
     (not (= kv_s 0))
     (not (= kv_p 0)))
[BMC] TemporalSpec(state): rule=unequalBalance, formula=(and (= totalBalances kv_s) (= totalSupply kv_n) (not (= kv_s kv_n)))
[BMC] TemporalSpec(state): rule=negativeBalance, formula=(and (= (select balanceOf kv_p) kv_n)
     (select balanceOf__exists kv_p)
     (not (<= 0 kv_n))
     (not (= kv_p 0)))
[BMC] TemporalSpec(state): rule=blacklistedTransfer, formula=(and (= onceBlacklistedTransfer kv_b) kv_b)
[BMC] TemporalSpec(tx): rule=unauthorizedIssue, formula=(and (or (= recv_issue0 1))
     (= owner kv_o)
     (= msgSender kv_s)
     (not (= kv_s kv_o)))
[BMC] TemporalSpec(tx): rule=unauthorizedDestroyBlackFund, formula=(and (or (= recv_destroyBlackFund0 1))
     (= owner kv_o)
     (= msgSender kv_s)
     (not (= kv_s kv_o)))
[BMC] TemporalSpec(tx): rule=unauthorizedAddBlackList, formula=(and (or (= recv_addBlackList0 1))
     (= owner kv_o)
     (= msgSender kv_s)
     (not (= kv_o kv_s)))
[BMC] TemporalSpec(tx): rule=unauthorizedRedeem, formula=(and (or (= recv_redeem0 1))
     (= owner kv_o)
     (= msgSender kv_s)
     (not (= kv_s kv_o)))
[BMC] CheckBound: k=1
[BMC] SolverResult: rule=unauthorizedRedeem, k=1, result=UNSATISFIABLE
[BMC] SolverResult: rule=unauthorizedAddBlackList, k=1, result=UNSATISFIABLE
[BMC] SolverResult: rule=unauthorizedDestroyBlackFund, k=1, result=UNSATISFIABLE
[BMC] SolverResult: rule=unauthorizedIssue, k=1, result=UNSATISFIABLE
[BMC] SolverResult: rule=negativeAllowance, k=1, result=UNSATISFIABLE
[BMC] SolverResult: rule=unequalBalance, k=1, result=UNSATISFIABLE
[BMC] SolverResult: rule=negativeBalance, k=1, result=UNSATISFIABLE
[BMC] SolverResult: rule=blacklistedTransfer, k=1, result=UNSATISFIABLE
[BMC] CheckBound: k=2
[BMC] SolverResult: rule=unauthorizedRedeem, k=2, result=UNSATISFIABLE
[BMC] SolverResult: rule=unauthorizedAddBlackList, k=2, result=UNSATISFIABLE
[BMC] SolverResult: rule=unauthorizedDestroyBlackFund, k=2, result=UNSATISFIABLE
[BMC] SolverResult: rule=unauthorizedIssue, k=2, result=UNSATISFIABLE
[BMC] SolverResult: rule=negativeAllowance, k=2, result=UNSATISFIABLE
[BMC] SolverResult: rule=unequalBalance, k=2, result=UNSATISFIABLE
[BMC] SolverResult: rule=negativeBalance, k=2, result=UNSATISFIABLE
[BMC] SolverResult: rule=blacklistedTransfer, k=2, result=UNSATISFIABLE
[BMC] CheckBound: k=3
[BMC] SolverResult: rule=unauthorizedRedeem, k=3, result=UNSATISFIABLE
[BMC] SolverResult: rule=unauthorizedAddBlackList, k=3, result=UNSATISFIABLE
[BMC] SolverResult: rule=unauthorizedDestroyBlackFund, k=3, result=UNSATISFIABLE
[BMC] SolverResult: rule=unauthorizedIssue, k=3, result=UNSATISFIABLE
[BMC] SolverResult: rule=negativeAllowance, k=3, result=UNSATISFIABLE
[BMC] SolverResult: rule=unequalBalance, k=3, result=UNSATISFIABLE
[BMC] SolverResult: rule=negativeBalance, k=3, result=UNSATISFIABLE
[BMC] SolverResult: rule=blacklistedTransfer, k=3, result=SATISFIABLE
[BMC] CounterexampleFound: rule=blacklistedTransfer, k=3
[BMC] CounterexampleReturned: rule=blacklistedTransfer, k=3
[tether.dl] Iteration#22 Counterexample:
Trace:
[0] constructor(0) [msgSender: 6, value: 0]
[1] recv_increaseAllowance(address(10),address(10),1) [msgSender: 6, value: 0]
[2] recv_addBlackList(address(10)) [msgSender: 6, value: 0]
[3] recv_transferFrom(address(10),address(10),address(10),0) [msgSender: 11, value: 0]
[tether.dl] Iteration#22 RestrictedSolveStatus: relation=recv_transferFrom, status=SAT
[tether.dl] Iteration#22 ProgramAfterRestrictedSynthesis:
transferFrom(o,r,s,n) :- balanceOf(r,balanceOf_x1_0),0!=balanceOf_x1_0,allowance(s,r,allowance_x2_1),recv_transferFrom(o,r,s,n),n<=allowance_x2_1.
addBlackList(p) :- recv_addBlackList(p),owner(o),msgSender(s),o==s.
destroyBlackFund(p,n) :- msgSender(s),recv_destroyBlackFund(p,n),n<=balanceOf_x1,balanceOf(p,balanceOf_x1),owner(o),s==o.
transfer(s,r,n) :- recv_transfer(s,r,n),isBlackListed(s,isBlackListed_x1),isBlackListed_x1==false.
increaseAllowance(o,s,d) :- recv_increaseAllowance(o,s,d),d>0.
issue(p,n) :- msgSender(s),n>0,recv_issue(p,n),owner(o),s==o.
redeem(p,n) :- msgSender(s),recv_redeem(p,n),n<=balanceOf_x1,balanceOf(p,balanceOf_x1),owner(o),s==o.
[tether.dl] Iteration#22 SynthesisResult: updated
[tether.dl] Iteration#23 ProgramBeforeBMC:
transferFrom(o,r,s,n) :- balanceOf(r,balanceOf_x1_0),0!=balanceOf_x1_0,allowance(s,r,allowance_x2_1),recv_transferFrom(o,r,s,n),n<=allowance_x2_1.
addBlackList(p) :- recv_addBlackList(p),owner(o),msgSender(s),o==s.
destroyBlackFund(p,n) :- msgSender(s),recv_destroyBlackFund(p,n),n<=balanceOf_x1,balanceOf(p,balanceOf_x1),owner(o),s==o.
transfer(s,r,n) :- recv_transfer(s,r,n),isBlackListed(s,isBlackListed_x1),isBlackListed_x1==false.
increaseAllowance(o,s,d) :- recv_increaseAllowance(o,s,d),d>0.
issue(p,n) :- msgSender(s),n>0,recv_issue(p,n),owner(o),s==o.
redeem(p,n) :- msgSender(s),recv_redeem(p,n),n<=balanceOf_x1,balanceOf(p,balanceOf_x1),owner(o),s==o.
[tether.dl] Iteration#23 BMCInput: bound=5, violationRules=blacklistedTransfer,negativeAllowance,negativeBalance,unauthorizedAddBlackList,unauthorizedDestroyBlackFund,unauthorizedIssue,unauthorizedRedeem,unequalBalance
[BMC] TransitionSystemReady: program=Tether
[BMC] TemporalSpec(state): rule=negativeAllowance, formula=(and (= (select allowance (allowance_keyTuple kv_s kv_p)) kv_n)
     (select allowance__exists (allowance_keyTuple kv_s kv_p))
     (not (<= 0 kv_n))
     (not (= kv_s 0))
     (not (= kv_p 0)))
[BMC] TemporalSpec(state): rule=unequalBalance, formula=(and (= totalBalances kv_s) (= totalSupply kv_n) (not (= kv_s kv_n)))
[BMC] TemporalSpec(state): rule=negativeBalance, formula=(and (= (select balanceOf kv_p) kv_n)
     (select balanceOf__exists kv_p)
     (not (<= 0 kv_n))
     (not (= kv_p 0)))
[BMC] TemporalSpec(state): rule=blacklistedTransfer, formula=(and (= onceBlacklistedTransfer kv_b) kv_b)
[BMC] TemporalSpec(tx): rule=unauthorizedIssue, formula=(and (or (= recv_issue0 1))
     (= owner kv_o)
     (= msgSender kv_s)
     (not (= kv_s kv_o)))
[BMC] TemporalSpec(tx): rule=unauthorizedDestroyBlackFund, formula=(and (or (= recv_destroyBlackFund0 1))
     (= owner kv_o)
     (= msgSender kv_s)
     (not (= kv_s kv_o)))
[BMC] TemporalSpec(tx): rule=unauthorizedAddBlackList, formula=(and (or (= recv_addBlackList0 1))
     (= owner kv_o)
     (= msgSender kv_s)
     (not (= kv_o kv_s)))
[BMC] TemporalSpec(tx): rule=unauthorizedRedeem, formula=(and (or (= recv_redeem0 1))
     (= owner kv_o)
     (= msgSender kv_s)
     (not (= kv_s kv_o)))
[BMC] CheckBound: k=1
[BMC] SolverResult: rule=unauthorizedRedeem, k=1, result=UNSATISFIABLE
[BMC] SolverResult: rule=unauthorizedAddBlackList, k=1, result=UNSATISFIABLE
[BMC] SolverResult: rule=unauthorizedDestroyBlackFund, k=1, result=UNSATISFIABLE
[BMC] SolverResult: rule=unauthorizedIssue, k=1, result=UNSATISFIABLE
[BMC] SolverResult: rule=negativeAllowance, k=1, result=UNSATISFIABLE
[BMC] SolverResult: rule=unequalBalance, k=1, result=UNSATISFIABLE
[BMC] SolverResult: rule=negativeBalance, k=1, result=UNSATISFIABLE
[BMC] SolverResult: rule=blacklistedTransfer, k=1, result=UNSATISFIABLE
[BMC] CheckBound: k=2
[BMC] SolverResult: rule=unauthorizedRedeem, k=2, result=UNSATISFIABLE
[BMC] SolverResult: rule=unauthorizedAddBlackList, k=2, result=UNSATISFIABLE
[BMC] SolverResult: rule=unauthorizedDestroyBlackFund, k=2, result=UNSATISFIABLE
[BMC] SolverResult: rule=unauthorizedIssue, k=2, result=UNSATISFIABLE
[BMC] SolverResult: rule=negativeAllowance, k=2, result=UNSATISFIABLE
[BMC] SolverResult: rule=unequalBalance, k=2, result=UNSATISFIABLE
[BMC] SolverResult: rule=negativeBalance, k=2, result=UNSATISFIABLE
[BMC] SolverResult: rule=blacklistedTransfer, k=2, result=UNSATISFIABLE
[BMC] CheckBound: k=3
[BMC] SolverResult: rule=unauthorizedRedeem, k=3, result=UNSATISFIABLE
[BMC] SolverResult: rule=unauthorizedAddBlackList, k=3, result=UNSATISFIABLE
[BMC] SolverResult: rule=unauthorizedDestroyBlackFund, k=3, result=UNSATISFIABLE
[BMC] SolverResult: rule=unauthorizedIssue, k=3, result=UNSATISFIABLE
[BMC] SolverResult: rule=negativeAllowance, k=3, result=UNSATISFIABLE
[BMC] SolverResult: rule=unequalBalance, k=3, result=UNSATISFIABLE
[BMC] SolverResult: rule=negativeBalance, k=3, result=UNSATISFIABLE
[BMC] SolverResult: rule=blacklistedTransfer, k=3, result=UNSATISFIABLE
[BMC] CheckBound: k=4
[BMC] SolverResult: rule=unauthorizedRedeem, k=4, result=UNSATISFIABLE
[BMC] SolverResult: rule=unauthorizedAddBlackList, k=4, result=UNSATISFIABLE
[BMC] SolverResult: rule=unauthorizedDestroyBlackFund, k=4, result=UNSATISFIABLE
[BMC] SolverResult: rule=unauthorizedIssue, k=4, result=UNSATISFIABLE
[BMC] SolverResult: rule=negativeAllowance, k=4, result=SATISFIABLE
[BMC] CounterexampleFound: rule=negativeAllowance, k=4
[BMC] CounterexampleReturned: rule=negativeAllowance, k=4
[tether.dl] Iteration#23 Counterexample:
Trace:
[0] constructor(0) [msgSender: 10, value: 0]
[1] recv_issue(address(16),1) [msgSender: 10, value: 0]
[2] recv_increaseAllowance(address(11),address(16),28938) [msgSender: 17, value: 0]
[3] recv_addBlackList(address(16)) [msgSender: 10, value: 0]
[4] recv_transferFrom(address(16),address(16),address(11),28368) [msgSender: 12, value: 0]
[tether.dl] Iteration#23 RestrictedSolveStatus: relation=recv_transferFrom, status=SAT
[tether.dl] Iteration#23 ProgramAfterRestrictedSynthesis:
transferFrom(o,r,s,n) :- allowance(s,r,allowance_x2_2),n<=allowance_x2_2,n<=balanceOf_x1_1,recv_transferFrom(o,r,s,n),balanceOf(r,balanceOf_x1_1),0!=n.
addBlackList(p) :- recv_addBlackList(p),owner(o),msgSender(s),o==s.
destroyBlackFund(p,n) :- msgSender(s),recv_destroyBlackFund(p,n),n<=balanceOf_x1,balanceOf(p,balanceOf_x1),owner(o),s==o.
transfer(s,r,n) :- recv_transfer(s,r,n),isBlackListed(s,isBlackListed_x1),isBlackListed_x1==false.
increaseAllowance(o,s,d) :- recv_increaseAllowance(o,s,d),d>0.
issue(p,n) :- msgSender(s),n>0,recv_issue(p,n),owner(o),s==o.
redeem(p,n) :- msgSender(s),recv_redeem(p,n),n<=balanceOf_x1,balanceOf(p,balanceOf_x1),owner(o),s==o.
[tether.dl] Iteration#23 SynthesisResult: updated
[tether.dl] Iteration#24 ProgramBeforeBMC:
transferFrom(o,r,s,n) :- allowance(s,r,allowance_x2_2),n<=allowance_x2_2,n<=balanceOf_x1_1,recv_transferFrom(o,r,s,n),balanceOf(r,balanceOf_x1_1),0!=n.
addBlackList(p) :- recv_addBlackList(p),owner(o),msgSender(s),o==s.
destroyBlackFund(p,n) :- msgSender(s),recv_destroyBlackFund(p,n),n<=balanceOf_x1,balanceOf(p,balanceOf_x1),owner(o),s==o.
transfer(s,r,n) :- recv_transfer(s,r,n),isBlackListed(s,isBlackListed_x1),isBlackListed_x1==false.
increaseAllowance(o,s,d) :- recv_increaseAllowance(o,s,d),d>0.
issue(p,n) :- msgSender(s),n>0,recv_issue(p,n),owner(o),s==o.
redeem(p,n) :- msgSender(s),recv_redeem(p,n),n<=balanceOf_x1,balanceOf(p,balanceOf_x1),owner(o),s==o.
[tether.dl] Iteration#24 BMCInput: bound=5, violationRules=blacklistedTransfer,negativeAllowance,negativeBalance,unauthorizedAddBlackList,unauthorizedDestroyBlackFund,unauthorizedIssue,unauthorizedRedeem,unequalBalance
[BMC] TransitionSystemReady: program=Tether
[BMC] TemporalSpec(state): rule=negativeAllowance, formula=(and (= (select allowance (allowance_keyTuple kv_s kv_p)) kv_n)
     (select allowance__exists (allowance_keyTuple kv_s kv_p))
     (not (<= 0 kv_n))
     (not (= kv_s 0))
     (not (= kv_p 0)))
[BMC] TemporalSpec(state): rule=unequalBalance, formula=(and (= totalBalances kv_s) (= totalSupply kv_n) (not (= kv_s kv_n)))
[BMC] TemporalSpec(state): rule=negativeBalance, formula=(and (= (select balanceOf kv_p) kv_n)
     (select balanceOf__exists kv_p)
     (not (<= 0 kv_n))
     (not (= kv_p 0)))
[BMC] TemporalSpec(state): rule=blacklistedTransfer, formula=(and (= onceBlacklistedTransfer kv_b) kv_b)
[BMC] TemporalSpec(tx): rule=unauthorizedIssue, formula=(and (or (= recv_issue0 1))
     (= owner kv_o)
     (= msgSender kv_s)
     (not (= kv_s kv_o)))
[BMC] TemporalSpec(tx): rule=unauthorizedDestroyBlackFund, formula=(and (or (= recv_destroyBlackFund0 1))
     (= owner kv_o)
     (= msgSender kv_s)
     (not (= kv_s kv_o)))
[BMC] TemporalSpec(tx): rule=unauthorizedAddBlackList, formula=(and (or (= recv_addBlackList0 1))
     (= owner kv_o)
     (= msgSender kv_s)
     (not (= kv_o kv_s)))
[BMC] TemporalSpec(tx): rule=unauthorizedRedeem, formula=(and (or (= recv_redeem0 1))
     (= owner kv_o)
     (= msgSender kv_s)
     (not (= kv_s kv_o)))
[BMC] CheckBound: k=1
[BMC] SolverResult: rule=unauthorizedRedeem, k=1, result=UNSATISFIABLE
[BMC] SolverResult: rule=unauthorizedAddBlackList, k=1, result=UNSATISFIABLE
[BMC] SolverResult: rule=unauthorizedDestroyBlackFund, k=1, result=UNSATISFIABLE
[BMC] SolverResult: rule=unauthorizedIssue, k=1, result=UNSATISFIABLE
[BMC] SolverResult: rule=negativeAllowance, k=1, result=UNSATISFIABLE
[BMC] SolverResult: rule=unequalBalance, k=1, result=UNSATISFIABLE
[BMC] SolverResult: rule=negativeBalance, k=1, result=UNSATISFIABLE
[BMC] SolverResult: rule=blacklistedTransfer, k=1, result=UNSATISFIABLE
[BMC] CheckBound: k=2
[BMC] SolverResult: rule=unauthorizedRedeem, k=2, result=UNSATISFIABLE
[BMC] SolverResult: rule=unauthorizedAddBlackList, k=2, result=UNSATISFIABLE
[BMC] SolverResult: rule=unauthorizedDestroyBlackFund, k=2, result=UNSATISFIABLE
[BMC] SolverResult: rule=unauthorizedIssue, k=2, result=UNSATISFIABLE
[BMC] SolverResult: rule=negativeAllowance, k=2, result=UNSATISFIABLE
[BMC] SolverResult: rule=unequalBalance, k=2, result=UNSATISFIABLE
[BMC] SolverResult: rule=negativeBalance, k=2, result=UNSATISFIABLE
[BMC] SolverResult: rule=blacklistedTransfer, k=2, result=UNSATISFIABLE
[BMC] CheckBound: k=3
[BMC] SolverResult: rule=unauthorizedRedeem, k=3, result=UNSATISFIABLE
[BMC] SolverResult: rule=unauthorizedAddBlackList, k=3, result=UNSATISFIABLE
[BMC] SolverResult: rule=unauthorizedDestroyBlackFund, k=3, result=UNSATISFIABLE
[BMC] SolverResult: rule=unauthorizedIssue, k=3, result=UNSATISFIABLE
[BMC] SolverResult: rule=negativeAllowance, k=3, result=UNSATISFIABLE
[BMC] SolverResult: rule=unequalBalance, k=3, result=UNSATISFIABLE
[BMC] SolverResult: rule=negativeBalance, k=3, result=UNSATISFIABLE
[BMC] SolverResult: rule=blacklistedTransfer, k=3, result=UNSATISFIABLE
[BMC] CheckBound: k=4
[BMC] SolverResult: rule=unauthorizedRedeem, k=4, result=UNSATISFIABLE
[BMC] SolverResult: rule=unauthorizedAddBlackList, k=4, result=UNSATISFIABLE
[BMC] SolverResult: rule=unauthorizedDestroyBlackFund, k=4, result=UNSATISFIABLE
[BMC] SolverResult: rule=unauthorizedIssue, k=4, result=UNSATISFIABLE
[BMC] SolverResult: rule=negativeAllowance, k=4, result=SATISFIABLE
[BMC] CounterexampleFound: rule=negativeAllowance, k=4
[BMC] CounterexampleReturned: rule=negativeAllowance, k=4
[tether.dl] Iteration#24 Counterexample:
Trace:
[0] constructor(0) [msgSender: 12, value: 0]
[1] recv_increaseAllowance(address(15),address(19),82913) [msgSender: 12, value: 0]
[2] recv_issue(address(19),88487) [msgSender: 12, value: 0]
[3] recv_addBlackList(address(19)) [msgSender: 12, value: 0]
[4] recv_transferFrom(address(19),address(19),address(15),82913) [msgSender: 16, value: 0]
[tether.dl] Iteration#24 RestrictedSolveStatus: relation=recv_transferFrom, status=SAT
[tether.dl] Iteration#24 ProgramAfterRestrictedSynthesis:
addBlackList(p) :- recv_addBlackList(p),owner(o),msgSender(s),o==s.
destroyBlackFund(p,n) :- msgSender(s),recv_destroyBlackFund(p,n),n<=balanceOf_x1,balanceOf(p,balanceOf_x1),owner(o),s==o.
transfer(s,r,n) :- recv_transfer(s,r,n),isBlackListed(s,isBlackListed_x1),isBlackListed_x1==false.
increaseAllowance(o,s,d) :- recv_increaseAllowance(o,s,d),d>0.
issue(p,n) :- msgSender(s),n>0,recv_issue(p,n),owner(o),s==o.
redeem(p,n) :- msgSender(s),recv_redeem(p,n),n<=balanceOf_x1,balanceOf(p,balanceOf_x1),owner(o),s==o.
transferFrom(o,r,s,n) :- n<allowance_x2_2,recv_transferFrom(o,r,s,n),n<=allowance_x2_1,0!=n,allowance(s,r,allowance_x2_1),allowance(r,o,allowance_x2_2).
[tether.dl] Iteration#24 SynthesisResult: updated
[tether.dl] Iteration#25 ProgramBeforeBMC:
addBlackList(p) :- recv_addBlackList(p),owner(o),msgSender(s),o==s.
destroyBlackFund(p,n) :- msgSender(s),recv_destroyBlackFund(p,n),n<=balanceOf_x1,balanceOf(p,balanceOf_x1),owner(o),s==o.
transfer(s,r,n) :- recv_transfer(s,r,n),isBlackListed(s,isBlackListed_x1),isBlackListed_x1==false.
increaseAllowance(o,s,d) :- recv_increaseAllowance(o,s,d),d>0.
issue(p,n) :- msgSender(s),n>0,recv_issue(p,n),owner(o),s==o.
redeem(p,n) :- msgSender(s),recv_redeem(p,n),n<=balanceOf_x1,balanceOf(p,balanceOf_x1),owner(o),s==o.
transferFrom(o,r,s,n) :- n<allowance_x2_2,recv_transferFrom(o,r,s,n),n<=allowance_x2_1,0!=n,allowance(s,r,allowance_x2_1),allowance(r,o,allowance_x2_2).
[tether.dl] Iteration#25 BMCInput: bound=5, violationRules=blacklistedTransfer,negativeAllowance,negativeBalance,unauthorizedAddBlackList,unauthorizedDestroyBlackFund,unauthorizedIssue,unauthorizedRedeem,unequalBalance
[BMC] TransitionSystemReady: program=Tether
[BMC] TemporalSpec(state): rule=negativeAllowance, formula=(and (= (select allowance (allowance_keyTuple kv_s kv_p)) kv_n)
     (select allowance__exists (allowance_keyTuple kv_s kv_p))
     (not (<= 0 kv_n))
     (not (= kv_s 0))
     (not (= kv_p 0)))
[BMC] TemporalSpec(state): rule=unequalBalance, formula=(and (= totalBalances kv_s) (= totalSupply kv_n) (not (= kv_s kv_n)))
[BMC] TemporalSpec(state): rule=negativeBalance, formula=(and (= (select balanceOf kv_p) kv_n)
     (select balanceOf__exists kv_p)
     (not (<= 0 kv_n))
     (not (= kv_p 0)))
[BMC] TemporalSpec(state): rule=blacklistedTransfer, formula=(and (= onceBlacklistedTransfer kv_b) kv_b)
[BMC] TemporalSpec(tx): rule=unauthorizedIssue, formula=(and (or (= recv_issue0 1))
     (= owner kv_o)
     (= msgSender kv_s)
     (not (= kv_s kv_o)))
[BMC] TemporalSpec(tx): rule=unauthorizedDestroyBlackFund, formula=(and (or (= recv_destroyBlackFund0 1))
     (= owner kv_o)
     (= msgSender kv_s)
     (not (= kv_s kv_o)))
[BMC] TemporalSpec(tx): rule=unauthorizedAddBlackList, formula=(and (or (= recv_addBlackList0 1))
     (= owner kv_o)
     (= msgSender kv_s)
     (not (= kv_o kv_s)))
[BMC] TemporalSpec(tx): rule=unauthorizedRedeem, formula=(and (or (= recv_redeem0 1))
     (= owner kv_o)
     (= msgSender kv_s)
     (not (= kv_s kv_o)))
[BMC] CheckBound: k=1
[BMC] SolverResult: rule=unauthorizedRedeem, k=1, result=UNSATISFIABLE
[BMC] SolverResult: rule=unauthorizedAddBlackList, k=1, result=UNSATISFIABLE
[BMC] SolverResult: rule=unauthorizedDestroyBlackFund, k=1, result=UNSATISFIABLE
[BMC] SolverResult: rule=unauthorizedIssue, k=1, result=UNSATISFIABLE
[BMC] SolverResult: rule=negativeAllowance, k=1, result=UNSATISFIABLE
[BMC] SolverResult: rule=unequalBalance, k=1, result=UNSATISFIABLE
[BMC] SolverResult: rule=negativeBalance, k=1, result=UNSATISFIABLE
[BMC] SolverResult: rule=blacklistedTransfer, k=1, result=UNSATISFIABLE
[BMC] CheckBound: k=2
[BMC] SolverResult: rule=unauthorizedRedeem, k=2, result=UNSATISFIABLE
[BMC] SolverResult: rule=unauthorizedAddBlackList, k=2, result=UNSATISFIABLE
[BMC] SolverResult: rule=unauthorizedDestroyBlackFund, k=2, result=UNSATISFIABLE
[BMC] SolverResult: rule=unauthorizedIssue, k=2, result=UNSATISFIABLE
[BMC] SolverResult: rule=negativeAllowance, k=2, result=UNSATISFIABLE
[BMC] SolverResult: rule=unequalBalance, k=2, result=UNSATISFIABLE
[BMC] SolverResult: rule=negativeBalance, k=2, result=UNSATISFIABLE
[BMC] SolverResult: rule=blacklistedTransfer, k=2, result=UNSATISFIABLE
[BMC] CheckBound: k=3
[BMC] SolverResult: rule=unauthorizedRedeem, k=3, result=UNSATISFIABLE
[BMC] SolverResult: rule=unauthorizedAddBlackList, k=3, result=UNSATISFIABLE
[BMC] SolverResult: rule=unauthorizedDestroyBlackFund, k=3, result=UNSATISFIABLE
[BMC] SolverResult: rule=unauthorizedIssue, k=3, result=UNSATISFIABLE
[BMC] SolverResult: rule=negativeAllowance, k=3, result=UNSATISFIABLE
[BMC] SolverResult: rule=unequalBalance, k=3, result=UNSATISFIABLE
[BMC] SolverResult: rule=negativeBalance, k=3, result=UNSATISFIABLE
[BMC] SolverResult: rule=blacklistedTransfer, k=3, result=SATISFIABLE
[BMC] CounterexampleFound: rule=blacklistedTransfer, k=3
[BMC] CounterexampleReturned: rule=blacklistedTransfer, k=3
[tether.dl] Iteration#25 Counterexample:
Trace:
[0] constructor(0) [msgSender: 2, value: 0]
[1] recv_addBlackList(address(12)) [msgSender: 2, value: 0]
[2] recv_increaseAllowance(address(12),address(12),12330) [msgSender: 13, value: 0]
[3] recv_transferFrom(address(12),address(12),address(12),-1) [msgSender: 13, value: 0]
[tether.dl] Iteration#25 RestrictedSolveStatus: relation=recv_transferFrom, status=SAT
[tether.dl] Iteration#25 ProgramAfterRestrictedSynthesis:
addBlackList(p) :- recv_addBlackList(p),owner(o),msgSender(s),o==s.
destroyBlackFund(p,n) :- msgSender(s),recv_destroyBlackFund(p,n),n<=balanceOf_x1,balanceOf(p,balanceOf_x1),owner(o),s==o.
transferFrom(o,r,s,n) :- n>0,allowance(s,o,allowance_x2_1),recv_transferFrom(o,r,s,n),allowance(r,s,allowance_x2_2),n<=allowance_x2_2,n<allowance_x2_1.
transfer(s,r,n) :- recv_transfer(s,r,n),isBlackListed(s,isBlackListed_x1),isBlackListed_x1==false.
increaseAllowance(o,s,d) :- recv_increaseAllowance(o,s,d),d>0.
issue(p,n) :- msgSender(s),n>0,recv_issue(p,n),owner(o),s==o.
redeem(p,n) :- msgSender(s),recv_redeem(p,n),n<=balanceOf_x1,balanceOf(p,balanceOf_x1),owner(o),s==o.
[tether.dl] Iteration#25 SynthesisResult: updated
[tether.dl] Iteration#26 ProgramBeforeBMC:
addBlackList(p) :- recv_addBlackList(p),owner(o),msgSender(s),o==s.
destroyBlackFund(p,n) :- msgSender(s),recv_destroyBlackFund(p,n),n<=balanceOf_x1,balanceOf(p,balanceOf_x1),owner(o),s==o.
transferFrom(o,r,s,n) :- n>0,allowance(s,o,allowance_x2_1),recv_transferFrom(o,r,s,n),allowance(r,s,allowance_x2_2),n<=allowance_x2_2,n<allowance_x2_1.
transfer(s,r,n) :- recv_transfer(s,r,n),isBlackListed(s,isBlackListed_x1),isBlackListed_x1==false.
increaseAllowance(o,s,d) :- recv_increaseAllowance(o,s,d),d>0.
issue(p,n) :- msgSender(s),n>0,recv_issue(p,n),owner(o),s==o.
redeem(p,n) :- msgSender(s),recv_redeem(p,n),n<=balanceOf_x1,balanceOf(p,balanceOf_x1),owner(o),s==o.
[tether.dl] Iteration#26 BMCInput: bound=5, violationRules=blacklistedTransfer,negativeAllowance,negativeBalance,unauthorizedAddBlackList,unauthorizedDestroyBlackFund,unauthorizedIssue,unauthorizedRedeem,unequalBalance
[BMC] TransitionSystemReady: program=Tether
[BMC] TemporalSpec(state): rule=negativeAllowance, formula=(and (= (select allowance (allowance_keyTuple kv_s kv_p)) kv_n)
     (select allowance__exists (allowance_keyTuple kv_s kv_p))
     (not (<= 0 kv_n))
     (not (= kv_s 0))
     (not (= kv_p 0)))
[BMC] TemporalSpec(state): rule=unequalBalance, formula=(and (= totalBalances kv_s) (= totalSupply kv_n) (not (= kv_s kv_n)))
[BMC] TemporalSpec(state): rule=negativeBalance, formula=(and (= (select balanceOf kv_p) kv_n)
     (select balanceOf__exists kv_p)
     (not (<= 0 kv_n))
     (not (= kv_p 0)))
[BMC] TemporalSpec(state): rule=blacklistedTransfer, formula=(and (= onceBlacklistedTransfer kv_b) kv_b)
[BMC] TemporalSpec(tx): rule=unauthorizedIssue, formula=(and (or (= recv_issue0 1))
     (= owner kv_o)
     (= msgSender kv_s)
     (not (= kv_s kv_o)))
[BMC] TemporalSpec(tx): rule=unauthorizedDestroyBlackFund, formula=(and (or (= recv_destroyBlackFund0 1))
     (= owner kv_o)
     (= msgSender kv_s)
     (not (= kv_s kv_o)))
[BMC] TemporalSpec(tx): rule=unauthorizedAddBlackList, formula=(and (or (= recv_addBlackList0 1))
     (= owner kv_o)
     (= msgSender kv_s)
     (not (= kv_o kv_s)))
[BMC] TemporalSpec(tx): rule=unauthorizedRedeem, formula=(and (or (= recv_redeem0 1))
     (= owner kv_o)
     (= msgSender kv_s)
     (not (= kv_s kv_o)))
[BMC] CheckBound: k=1
[BMC] SolverResult: rule=unauthorizedRedeem, k=1, result=UNSATISFIABLE
[BMC] SolverResult: rule=unauthorizedAddBlackList, k=1, result=UNSATISFIABLE
[BMC] SolverResult: rule=unauthorizedDestroyBlackFund, k=1, result=UNSATISFIABLE
[BMC] SolverResult: rule=unauthorizedIssue, k=1, result=UNSATISFIABLE
[BMC] SolverResult: rule=negativeAllowance, k=1, result=UNSATISFIABLE
[BMC] SolverResult: rule=unequalBalance, k=1, result=UNSATISFIABLE
[BMC] SolverResult: rule=negativeBalance, k=1, result=UNSATISFIABLE
[BMC] SolverResult: rule=blacklistedTransfer, k=1, result=UNSATISFIABLE
[BMC] CheckBound: k=2
[BMC] SolverResult: rule=unauthorizedRedeem, k=2, result=UNSATISFIABLE
[BMC] SolverResult: rule=unauthorizedAddBlackList, k=2, result=UNSATISFIABLE
[BMC] SolverResult: rule=unauthorizedDestroyBlackFund, k=2, result=UNSATISFIABLE
[BMC] SolverResult: rule=unauthorizedIssue, k=2, result=UNSATISFIABLE
[BMC] SolverResult: rule=negativeAllowance, k=2, result=UNSATISFIABLE
[BMC] SolverResult: rule=unequalBalance, k=2, result=UNSATISFIABLE
[BMC] SolverResult: rule=negativeBalance, k=2, result=UNSATISFIABLE
[BMC] SolverResult: rule=blacklistedTransfer, k=2, result=UNSATISFIABLE
[BMC] CheckBound: k=3
[BMC] SolverResult: rule=unauthorizedRedeem, k=3, result=UNSATISFIABLE
[BMC] SolverResult: rule=unauthorizedAddBlackList, k=3, result=UNSATISFIABLE
[BMC] SolverResult: rule=unauthorizedDestroyBlackFund, k=3, result=UNSATISFIABLE
[BMC] SolverResult: rule=unauthorizedIssue, k=3, result=UNSATISFIABLE
[BMC] SolverResult: rule=negativeAllowance, k=3, result=UNSATISFIABLE
[BMC] SolverResult: rule=unequalBalance, k=3, result=UNSATISFIABLE
[BMC] SolverResult: rule=negativeBalance, k=3, result=UNSATISFIABLE
[BMC] SolverResult: rule=blacklistedTransfer, k=3, result=SATISFIABLE
[BMC] CounterexampleFound: rule=blacklistedTransfer, k=3
[BMC] CounterexampleReturned: rule=blacklistedTransfer, k=3
[tether.dl] Iteration#26 Counterexample:
Trace:
[0] constructor(0) [msgSender: 3, value: 0]
[1] recv_increaseAllowance(address(13),address(13),21654) [msgSender: 3, value: 0]
[2] recv_addBlackList(address(13)) [msgSender: 3, value: 0]
[3] recv_transferFrom(address(13),address(13),address(13),1) [msgSender: 14, value: 0]
[tether.dl] Iteration#26 RestrictedSolveStatus: relation=recv_transferFrom, status=SAT
[tether.dl] Iteration#26 ProgramAfterRestrictedSynthesis:
addBlackList(p) :- recv_addBlackList(p),owner(o),msgSender(s),o==s.
destroyBlackFund(p,n) :- msgSender(s),recv_destroyBlackFund(p,n),n<=balanceOf_x1,balanceOf(p,balanceOf_x1),owner(o),s==o.
transfer(s,r,n) :- recv_transfer(s,r,n),isBlackListed(s,isBlackListed_x1),isBlackListed_x1==false.
issue(p,n) :- msgSender(s),n>0,recv_issue(p,n),owner(o),s==o.
redeem(p,n) :- msgSender(s),recv_redeem(p,n),n<=balanceOf_x1,balanceOf(p,balanceOf_x1),owner(o),s==o.
increaseAllowance(o,s,d) :- recv_increaseAllowance(o,s,d),d>0.
transferFrom(o,r,s,n) :- balanceOf(s,balanceOf_x1_1),allowance_x2_0>0,recv_transferFrom(o,r,s,n),allowance(s,r,allowance_x2_0),balanceOf_x1_1>0.
[tether.dl] Iteration#26 SynthesisResult: updated
[tether.dl] Iteration#27 ProgramBeforeBMC:
addBlackList(p) :- recv_addBlackList(p),owner(o),msgSender(s),o==s.
destroyBlackFund(p,n) :- msgSender(s),recv_destroyBlackFund(p,n),n<=balanceOf_x1,balanceOf(p,balanceOf_x1),owner(o),s==o.
transfer(s,r,n) :- recv_transfer(s,r,n),isBlackListed(s,isBlackListed_x1),isBlackListed_x1==false.
issue(p,n) :- msgSender(s),n>0,recv_issue(p,n),owner(o),s==o.
redeem(p,n) :- msgSender(s),recv_redeem(p,n),n<=balanceOf_x1,balanceOf(p,balanceOf_x1),owner(o),s==o.
increaseAllowance(o,s,d) :- recv_increaseAllowance(o,s,d),d>0.
transferFrom(o,r,s,n) :- balanceOf(s,balanceOf_x1_1),allowance_x2_0>0,recv_transferFrom(o,r,s,n),allowance(s,r,allowance_x2_0),balanceOf_x1_1>0.
[tether.dl] Iteration#27 BMCInput: bound=5, violationRules=blacklistedTransfer,negativeAllowance,negativeBalance,unauthorizedAddBlackList,unauthorizedDestroyBlackFund,unauthorizedIssue,unauthorizedRedeem,unequalBalance
[BMC] TransitionSystemReady: program=Tether
[BMC] TemporalSpec(state): rule=negativeAllowance, formula=(and (= (select allowance (allowance_keyTuple kv_s kv_p)) kv_n)
     (select allowance__exists (allowance_keyTuple kv_s kv_p))
     (not (<= 0 kv_n))
     (not (= kv_s 0))
     (not (= kv_p 0)))
[BMC] TemporalSpec(state): rule=unequalBalance, formula=(and (= totalBalances kv_s) (= totalSupply kv_n) (not (= kv_s kv_n)))
[BMC] TemporalSpec(state): rule=negativeBalance, formula=(and (= (select balanceOf kv_p) kv_n)
     (select balanceOf__exists kv_p)
     (not (<= 0 kv_n))
     (not (= kv_p 0)))
[BMC] TemporalSpec(state): rule=blacklistedTransfer, formula=(and (= onceBlacklistedTransfer kv_b) kv_b)
[BMC] TemporalSpec(tx): rule=unauthorizedIssue, formula=(and (or (= recv_issue0 1))
     (= owner kv_o)
     (= msgSender kv_s)
     (not (= kv_s kv_o)))
[BMC] TemporalSpec(tx): rule=unauthorizedDestroyBlackFund, formula=(and (or (= recv_destroyBlackFund0 1))
     (= owner kv_o)
     (= msgSender kv_s)
     (not (= kv_s kv_o)))
[BMC] TemporalSpec(tx): rule=unauthorizedAddBlackList, formula=(and (or (= recv_addBlackList0 1))
     (= owner kv_o)
     (= msgSender kv_s)
     (not (= kv_o kv_s)))
[BMC] TemporalSpec(tx): rule=unauthorizedRedeem, formula=(and (or (= recv_redeem0 1))
     (= owner kv_o)
     (= msgSender kv_s)
     (not (= kv_s kv_o)))
[BMC] CheckBound: k=1
[BMC] SolverResult: rule=unauthorizedRedeem, k=1, result=UNSATISFIABLE
[BMC] SolverResult: rule=unauthorizedAddBlackList, k=1, result=UNSATISFIABLE
[BMC] SolverResult: rule=unauthorizedDestroyBlackFund, k=1, result=UNSATISFIABLE
[BMC] SolverResult: rule=unauthorizedIssue, k=1, result=UNSATISFIABLE
[BMC] SolverResult: rule=negativeAllowance, k=1, result=UNSATISFIABLE
[BMC] SolverResult: rule=unequalBalance, k=1, result=UNSATISFIABLE
[BMC] SolverResult: rule=negativeBalance, k=1, result=UNSATISFIABLE
[BMC] SolverResult: rule=blacklistedTransfer, k=1, result=UNSATISFIABLE
[BMC] CheckBound: k=2
[BMC] SolverResult: rule=unauthorizedRedeem, k=2, result=UNSATISFIABLE
[BMC] SolverResult: rule=unauthorizedAddBlackList, k=2, result=UNSATISFIABLE
[BMC] SolverResult: rule=unauthorizedDestroyBlackFund, k=2, result=UNSATISFIABLE
[BMC] SolverResult: rule=unauthorizedIssue, k=2, result=UNSATISFIABLE
[BMC] SolverResult: rule=negativeAllowance, k=2, result=UNSATISFIABLE
[BMC] SolverResult: rule=unequalBalance, k=2, result=UNSATISFIABLE
[BMC] SolverResult: rule=negativeBalance, k=2, result=UNSATISFIABLE
[BMC] SolverResult: rule=blacklistedTransfer, k=2, result=UNSATISFIABLE
[BMC] CheckBound: k=3
[BMC] SolverResult: rule=unauthorizedRedeem, k=3, result=UNSATISFIABLE
[BMC] SolverResult: rule=unauthorizedAddBlackList, k=3, result=UNSATISFIABLE
[BMC] SolverResult: rule=unauthorizedDestroyBlackFund, k=3, result=UNSATISFIABLE
[BMC] SolverResult: rule=unauthorizedIssue, k=3, result=UNSATISFIABLE
[BMC] SolverResult: rule=negativeAllowance, k=3, result=UNSATISFIABLE
[BMC] SolverResult: rule=unequalBalance, k=3, result=UNSATISFIABLE
[BMC] SolverResult: rule=negativeBalance, k=3, result=UNSATISFIABLE
[BMC] SolverResult: rule=blacklistedTransfer, k=3, result=UNSATISFIABLE
[BMC] CheckBound: k=4
[BMC] SolverResult: rule=unauthorizedRedeem, k=4, result=UNSATISFIABLE
[BMC] SolverResult: rule=unauthorizedAddBlackList, k=4, result=UNSATISFIABLE
[BMC] SolverResult: rule=unauthorizedDestroyBlackFund, k=4, result=UNSATISFIABLE
[BMC] SolverResult: rule=unauthorizedIssue, k=4, result=UNSATISFIABLE
[BMC] SolverResult: rule=negativeAllowance, k=4, result=SATISFIABLE
[BMC] CounterexampleFound: rule=negativeAllowance, k=4
[BMC] CounterexampleReturned: rule=negativeAllowance, k=4
[tether.dl] Iteration#27 Counterexample:
Trace:
[0] constructor(0) [msgSender: 2, value: 0]
[1] recv_issue(address(2),16494) [msgSender: 2, value: 0]
[2] recv_addBlackList(address(14)) [msgSender: 2, value: 0]
[3] recv_increaseAllowance(address(2),address(14),26205) [msgSender: 15, value: 0]
[4] recv_transferFrom(address(14),address(14),address(2),51373) [msgSender: 3, value: 0]
[tether.dl] Iteration#27 RestrictedSolveStatus: relation=recv_transferFrom, status=SAT
[tether.dl] Iteration#27 ProgramAfterRestrictedSynthesis:
addBlackList(p) :- recv_addBlackList(p),owner(o),msgSender(s),o==s.
destroyBlackFund(p,n) :- msgSender(s),recv_destroyBlackFund(p,n),n<=balanceOf_x1,balanceOf(p,balanceOf_x1),owner(o),s==o.
transfer(s,r,n) :- recv_transfer(s,r,n),isBlackListed(s,isBlackListed_x1),isBlackListed_x1==false.
increaseAllowance(o,s,d) :- recv_increaseAllowance(o,s,d),d>0.
issue(p,n) :- msgSender(s),n>0,recv_issue(p,n),owner(o),s==o.
transferFrom(o,r,s,n) :- balanceOf(s,balanceOf_x1_1),n<=allowance_x2_0,0!=balanceOf_x1_1,recv_transferFrom(o,r,s,n),allowance(s,r,allowance_x2_0).
redeem(p,n) :- msgSender(s),recv_redeem(p,n),n<=balanceOf_x1,balanceOf(p,balanceOf_x1),owner(o),s==o.
[tether.dl] Iteration#27 SynthesisResult: updated
[tether.dl] Iteration#28 ProgramBeforeBMC:
addBlackList(p) :- recv_addBlackList(p),owner(o),msgSender(s),o==s.
destroyBlackFund(p,n) :- msgSender(s),recv_destroyBlackFund(p,n),n<=balanceOf_x1,balanceOf(p,balanceOf_x1),owner(o),s==o.
transfer(s,r,n) :- recv_transfer(s,r,n),isBlackListed(s,isBlackListed_x1),isBlackListed_x1==false.
increaseAllowance(o,s,d) :- recv_increaseAllowance(o,s,d),d>0.
issue(p,n) :- msgSender(s),n>0,recv_issue(p,n),owner(o),s==o.
transferFrom(o,r,s,n) :- balanceOf(s,balanceOf_x1_1),n<=allowance_x2_0,0!=balanceOf_x1_1,recv_transferFrom(o,r,s,n),allowance(s,r,allowance_x2_0).
redeem(p,n) :- msgSender(s),recv_redeem(p,n),n<=balanceOf_x1,balanceOf(p,balanceOf_x1),owner(o),s==o.
[tether.dl] Iteration#28 BMCInput: bound=5, violationRules=blacklistedTransfer,negativeAllowance,negativeBalance,unauthorizedAddBlackList,unauthorizedDestroyBlackFund,unauthorizedIssue,unauthorizedRedeem,unequalBalance
[BMC] TransitionSystemReady: program=Tether
[BMC] TemporalSpec(state): rule=negativeAllowance, formula=(and (= (select allowance (allowance_keyTuple kv_s kv_p)) kv_n)
     (select allowance__exists (allowance_keyTuple kv_s kv_p))
     (not (<= 0 kv_n))
     (not (= kv_s 0))
     (not (= kv_p 0)))
[BMC] TemporalSpec(state): rule=unequalBalance, formula=(and (= totalBalances kv_s) (= totalSupply kv_n) (not (= kv_s kv_n)))
[BMC] TemporalSpec(state): rule=negativeBalance, formula=(and (= (select balanceOf kv_p) kv_n)
     (select balanceOf__exists kv_p)
     (not (<= 0 kv_n))
     (not (= kv_p 0)))
[BMC] TemporalSpec(state): rule=blacklistedTransfer, formula=(and (= onceBlacklistedTransfer kv_b) kv_b)
[BMC] TemporalSpec(tx): rule=unauthorizedIssue, formula=(and (or (= recv_issue0 1))
     (= owner kv_o)
     (= msgSender kv_s)
     (not (= kv_s kv_o)))
[BMC] TemporalSpec(tx): rule=unauthorizedDestroyBlackFund, formula=(and (or (= recv_destroyBlackFund0 1))
     (= owner kv_o)
     (= msgSender kv_s)
     (not (= kv_s kv_o)))
[BMC] TemporalSpec(tx): rule=unauthorizedAddBlackList, formula=(and (or (= recv_addBlackList0 1))
     (= owner kv_o)
     (= msgSender kv_s)
     (not (= kv_o kv_s)))
[BMC] TemporalSpec(tx): rule=unauthorizedRedeem, formula=(and (or (= recv_redeem0 1))
     (= owner kv_o)
     (= msgSender kv_s)
     (not (= kv_s kv_o)))
[BMC] CheckBound: k=1
[BMC] SolverResult: rule=unauthorizedRedeem, k=1, result=UNSATISFIABLE
[BMC] SolverResult: rule=unauthorizedAddBlackList, k=1, result=UNSATISFIABLE
[BMC] SolverResult: rule=unauthorizedDestroyBlackFund, k=1, result=UNSATISFIABLE
[BMC] SolverResult: rule=unauthorizedIssue, k=1, result=UNSATISFIABLE
[BMC] SolverResult: rule=negativeAllowance, k=1, result=UNSATISFIABLE
[BMC] SolverResult: rule=unequalBalance, k=1, result=UNSATISFIABLE
[BMC] SolverResult: rule=negativeBalance, k=1, result=UNSATISFIABLE
[BMC] SolverResult: rule=blacklistedTransfer, k=1, result=UNSATISFIABLE
[BMC] CheckBound: k=2
[BMC] SolverResult: rule=unauthorizedRedeem, k=2, result=UNSATISFIABLE
[BMC] SolverResult: rule=unauthorizedAddBlackList, k=2, result=UNSATISFIABLE
[BMC] SolverResult: rule=unauthorizedDestroyBlackFund, k=2, result=UNSATISFIABLE
[BMC] SolverResult: rule=unauthorizedIssue, k=2, result=UNSATISFIABLE
[BMC] SolverResult: rule=negativeAllowance, k=2, result=UNSATISFIABLE
[BMC] SolverResult: rule=unequalBalance, k=2, result=UNSATISFIABLE
[BMC] SolverResult: rule=negativeBalance, k=2, result=UNSATISFIABLE
[BMC] SolverResult: rule=blacklistedTransfer, k=2, result=UNSATISFIABLE
[BMC] CheckBound: k=3
[BMC] SolverResult: rule=unauthorizedRedeem, k=3, result=UNSATISFIABLE
[BMC] SolverResult: rule=unauthorizedAddBlackList, k=3, result=UNSATISFIABLE
[BMC] SolverResult: rule=unauthorizedDestroyBlackFund, k=3, result=UNSATISFIABLE
[BMC] SolverResult: rule=unauthorizedIssue, k=3, result=UNSATISFIABLE
[BMC] SolverResult: rule=negativeAllowance, k=3, result=UNSATISFIABLE
[BMC] SolverResult: rule=unequalBalance, k=3, result=UNSATISFIABLE
[BMC] SolverResult: rule=negativeBalance, k=3, result=UNSATISFIABLE
[BMC] SolverResult: rule=blacklistedTransfer, k=3, result=UNSATISFIABLE
[BMC] CheckBound: k=4
[BMC] SolverResult: rule=unauthorizedRedeem, k=4, result=UNSATISFIABLE
[BMC] SolverResult: rule=unauthorizedAddBlackList, k=4, result=UNSATISFIABLE
[BMC] SolverResult: rule=unauthorizedDestroyBlackFund, k=4, result=UNSATISFIABLE
[BMC] SolverResult: rule=unauthorizedIssue, k=4, result=UNSATISFIABLE
[BMC] SolverResult: rule=negativeAllowance, k=4, result=SATISFIABLE
[BMC] CounterexampleFound: rule=negativeAllowance, k=4
[BMC] CounterexampleReturned: rule=negativeAllowance, k=4
[tether.dl] Iteration#28 Counterexample:
Trace:
[0] constructor(0) [msgSender: 2, value: 0]
[1] recv_issue(address(2),1) [msgSender: 2, value: 0]
[2] recv_addBlackList(address(15)) [msgSender: 2, value: 0]
[3] recv_increaseAllowance(address(2),address(15),34051) [msgSender: 16, value: 0]
[4] recv_transferFrom(address(15),address(15),address(2),21938) [msgSender: 3, value: 0]
[tether.dl] Iteration#28 RestrictedSolveStatus: relation=recv_transferFrom, status=SAT
[tether.dl] Iteration#28 ProgramAfterRestrictedSynthesis:
addBlackList(p) :- recv_addBlackList(p),owner(o),msgSender(s),o==s.
transferFrom(o,r,s,n) :- n>0,balanceOf(s,balanceOf_x1_2),allowance(s,r,allowance_x2_1),recv_transferFrom(o,r,s,n),n<=allowance_x2_1,n<balanceOf_x1_2.
destroyBlackFund(p,n) :- msgSender(s),recv_destroyBlackFund(p,n),n<=balanceOf_x1,balanceOf(p,balanceOf_x1),owner(o),s==o.
transfer(s,r,n) :- recv_transfer(s,r,n),isBlackListed(s,isBlackListed_x1),isBlackListed_x1==false.
increaseAllowance(o,s,d) :- recv_increaseAllowance(o,s,d),d>0.
issue(p,n) :- msgSender(s),n>0,recv_issue(p,n),owner(o),s==o.
redeem(p,n) :- msgSender(s),recv_redeem(p,n),n<=balanceOf_x1,balanceOf(p,balanceOf_x1),owner(o),s==o.
[tether.dl] Iteration#28 SynthesisResult: updated
[tether.dl] Iteration#29 ProgramBeforeBMC:
addBlackList(p) :- recv_addBlackList(p),owner(o),msgSender(s),o==s.
transferFrom(o,r,s,n) :- n>0,balanceOf(s,balanceOf_x1_2),allowance(s,r,allowance_x2_1),recv_transferFrom(o,r,s,n),n<=allowance_x2_1,n<balanceOf_x1_2.
destroyBlackFund(p,n) :- msgSender(s),recv_destroyBlackFund(p,n),n<=balanceOf_x1,balanceOf(p,balanceOf_x1),owner(o),s==o.
transfer(s,r,n) :- recv_transfer(s,r,n),isBlackListed(s,isBlackListed_x1),isBlackListed_x1==false.
increaseAllowance(o,s,d) :- recv_increaseAllowance(o,s,d),d>0.
issue(p,n) :- msgSender(s),n>0,recv_issue(p,n),owner(o),s==o.
redeem(p,n) :- msgSender(s),recv_redeem(p,n),n<=balanceOf_x1,balanceOf(p,balanceOf_x1),owner(o),s==o.
[tether.dl] Iteration#29 BMCInput: bound=5, violationRules=blacklistedTransfer,negativeAllowance,negativeBalance,unauthorizedAddBlackList,unauthorizedDestroyBlackFund,unauthorizedIssue,unauthorizedRedeem,unequalBalance
[BMC] TransitionSystemReady: program=Tether
[BMC] TemporalSpec(state): rule=negativeAllowance, formula=(and (= (select allowance (allowance_keyTuple kv_s kv_p)) kv_n)
     (select allowance__exists (allowance_keyTuple kv_s kv_p))
     (not (<= 0 kv_n))
     (not (= kv_s 0))
     (not (= kv_p 0)))
[BMC] TemporalSpec(state): rule=unequalBalance, formula=(and (= totalBalances kv_s) (= totalSupply kv_n) (not (= kv_s kv_n)))
[BMC] TemporalSpec(state): rule=negativeBalance, formula=(and (= (select balanceOf kv_p) kv_n)
     (select balanceOf__exists kv_p)
     (not (<= 0 kv_n))
     (not (= kv_p 0)))
[BMC] TemporalSpec(state): rule=blacklistedTransfer, formula=(and (= onceBlacklistedTransfer kv_b) kv_b)
[BMC] TemporalSpec(tx): rule=unauthorizedIssue, formula=(and (or (= recv_issue0 1))
     (= owner kv_o)
     (= msgSender kv_s)
     (not (= kv_s kv_o)))
[BMC] TemporalSpec(tx): rule=unauthorizedDestroyBlackFund, formula=(and (or (= recv_destroyBlackFund0 1))
     (= owner kv_o)
     (= msgSender kv_s)
     (not (= kv_s kv_o)))
[BMC] TemporalSpec(tx): rule=unauthorizedAddBlackList, formula=(and (or (= recv_addBlackList0 1))
     (= owner kv_o)
     (= msgSender kv_s)
     (not (= kv_o kv_s)))
[BMC] TemporalSpec(tx): rule=unauthorizedRedeem, formula=(and (or (= recv_redeem0 1))
     (= owner kv_o)
     (= msgSender kv_s)
     (not (= kv_s kv_o)))
[BMC] CheckBound: k=1
[BMC] SolverResult: rule=unauthorizedRedeem, k=1, result=UNSATISFIABLE
[BMC] SolverResult: rule=unauthorizedAddBlackList, k=1, result=UNSATISFIABLE
[BMC] SolverResult: rule=unauthorizedDestroyBlackFund, k=1, result=UNSATISFIABLE
[BMC] SolverResult: rule=unauthorizedIssue, k=1, result=UNSATISFIABLE
[BMC] SolverResult: rule=negativeAllowance, k=1, result=UNSATISFIABLE
[BMC] SolverResult: rule=unequalBalance, k=1, result=UNSATISFIABLE
[BMC] SolverResult: rule=negativeBalance, k=1, result=UNSATISFIABLE
[BMC] SolverResult: rule=blacklistedTransfer, k=1, result=UNSATISFIABLE
[BMC] CheckBound: k=2
[BMC] SolverResult: rule=unauthorizedRedeem, k=2, result=UNSATISFIABLE
[BMC] SolverResult: rule=unauthorizedAddBlackList, k=2, result=UNSATISFIABLE
[BMC] SolverResult: rule=unauthorizedDestroyBlackFund, k=2, result=UNSATISFIABLE
[BMC] SolverResult: rule=unauthorizedIssue, k=2, result=UNSATISFIABLE
[BMC] SolverResult: rule=negativeAllowance, k=2, result=UNSATISFIABLE
[BMC] SolverResult: rule=unequalBalance, k=2, result=UNSATISFIABLE
[BMC] SolverResult: rule=negativeBalance, k=2, result=UNSATISFIABLE
[BMC] SolverResult: rule=blacklistedTransfer, k=2, result=UNSATISFIABLE
[BMC] CheckBound: k=3
[BMC] SolverResult: rule=unauthorizedRedeem, k=3, result=UNSATISFIABLE
[BMC] SolverResult: rule=unauthorizedAddBlackList, k=3, result=UNSATISFIABLE
[BMC] SolverResult: rule=unauthorizedDestroyBlackFund, k=3, result=UNSATISFIABLE
[BMC] SolverResult: rule=unauthorizedIssue, k=3, result=UNSATISFIABLE
[BMC] SolverResult: rule=negativeAllowance, k=3, result=UNSATISFIABLE
[BMC] SolverResult: rule=unequalBalance, k=3, result=UNSATISFIABLE
[BMC] SolverResult: rule=negativeBalance, k=3, result=UNSATISFIABLE
[BMC] SolverResult: rule=blacklistedTransfer, k=3, result=UNSATISFIABLE
[BMC] CheckBound: k=4
[BMC] SolverResult: rule=unauthorizedRedeem, k=4, result=UNSATISFIABLE
[BMC] SolverResult: rule=unauthorizedAddBlackList, k=4, result=UNSATISFIABLE
[BMC] SolverResult: rule=unauthorizedDestroyBlackFund, k=4, result=UNSATISFIABLE
[BMC] SolverResult: rule=unauthorizedIssue, k=4, result=UNSATISFIABLE
[BMC] SolverResult: rule=negativeAllowance, k=4, result=SATISFIABLE
[BMC] CounterexampleFound: rule=negativeAllowance, k=4
[BMC] CounterexampleReturned: rule=negativeAllowance, k=4
[tether.dl] Iteration#29 Counterexample:
Trace:
[0] constructor(0) [msgSender: 4, value: 0]
[1] recv_issue(address(14),15877) [msgSender: 4, value: 0]
[2] recv_addBlackList(address(13)) [msgSender: 4, value: 0]
[3] recv_increaseAllowance(address(14),address(13),19762) [msgSender: 14, value: 0]
[4] recv_transferFrom(address(13),address(13),address(14),5007) [msgSender: 15, value: 0]
[tether.dl] Iteration#29 RestrictedSolveStatus: relation=recv_transferFrom, status=SAT
[tether.dl] Iteration#29 ProgramAfterRestrictedSynthesis:
addBlackList(p) :- recv_addBlackList(p),owner(o),msgSender(s),o==s.
destroyBlackFund(p,n) :- msgSender(s),recv_destroyBlackFund(p,n),n<=balanceOf_x1,balanceOf(p,balanceOf_x1),owner(o),s==o.
transferFrom(o,r,s,n) :- n>0,n<allowance_x2_1,recv_transferFrom(o,r,s,n),n<balanceOf_x1_2,allowance(s,r,allowance_x2_1),balanceOf(o,balanceOf_x1_2).
transfer(s,r,n) :- recv_transfer(s,r,n),isBlackListed(s,isBlackListed_x1),isBlackListed_x1==false.
increaseAllowance(o,s,d) :- recv_increaseAllowance(o,s,d),d>0.
issue(p,n) :- msgSender(s),n>0,recv_issue(p,n),owner(o),s==o.
redeem(p,n) :- msgSender(s),recv_redeem(p,n),n<=balanceOf_x1,balanceOf(p,balanceOf_x1),owner(o),s==o.
[tether.dl] Iteration#29 SynthesisResult: updated
[tether.dl] Iteration#30 ProgramBeforeBMC:
addBlackList(p) :- recv_addBlackList(p),owner(o),msgSender(s),o==s.
destroyBlackFund(p,n) :- msgSender(s),recv_destroyBlackFund(p,n),n<=balanceOf_x1,balanceOf(p,balanceOf_x1),owner(o),s==o.
transferFrom(o,r,s,n) :- n>0,n<allowance_x2_1,recv_transferFrom(o,r,s,n),n<balanceOf_x1_2,allowance(s,r,allowance_x2_1),balanceOf(o,balanceOf_x1_2).
transfer(s,r,n) :- recv_transfer(s,r,n),isBlackListed(s,isBlackListed_x1),isBlackListed_x1==false.
increaseAllowance(o,s,d) :- recv_increaseAllowance(o,s,d),d>0.
issue(p,n) :- msgSender(s),n>0,recv_issue(p,n),owner(o),s==o.
redeem(p,n) :- msgSender(s),recv_redeem(p,n),n<=balanceOf_x1,balanceOf(p,balanceOf_x1),owner(o),s==o.
[tether.dl] Iteration#30 BMCInput: bound=5, violationRules=blacklistedTransfer,negativeAllowance,negativeBalance,unauthorizedAddBlackList,unauthorizedDestroyBlackFund,unauthorizedIssue,unauthorizedRedeem,unequalBalance
[BMC] TransitionSystemReady: program=Tether
[BMC] TemporalSpec(state): rule=negativeAllowance, formula=(and (= (select allowance (allowance_keyTuple kv_s kv_p)) kv_n)
     (select allowance__exists (allowance_keyTuple kv_s kv_p))
     (not (<= 0 kv_n))
     (not (= kv_s 0))
     (not (= kv_p 0)))
[BMC] TemporalSpec(state): rule=unequalBalance, formula=(and (= totalBalances kv_s) (= totalSupply kv_n) (not (= kv_s kv_n)))
[BMC] TemporalSpec(state): rule=negativeBalance, formula=(and (= (select balanceOf kv_p) kv_n)
     (select balanceOf__exists kv_p)
     (not (<= 0 kv_n))
     (not (= kv_p 0)))
[BMC] TemporalSpec(state): rule=blacklistedTransfer, formula=(and (= onceBlacklistedTransfer kv_b) kv_b)
[BMC] TemporalSpec(tx): rule=unauthorizedIssue, formula=(and (or (= recv_issue0 1))
     (= owner kv_o)
     (= msgSender kv_s)
     (not (= kv_s kv_o)))
[BMC] TemporalSpec(tx): rule=unauthorizedDestroyBlackFund, formula=(and (or (= recv_destroyBlackFund0 1))
     (= owner kv_o)
     (= msgSender kv_s)
     (not (= kv_s kv_o)))
[BMC] TemporalSpec(tx): rule=unauthorizedAddBlackList, formula=(and (or (= recv_addBlackList0 1))
     (= owner kv_o)
     (= msgSender kv_s)
     (not (= kv_o kv_s)))
[BMC] TemporalSpec(tx): rule=unauthorizedRedeem, formula=(and (or (= recv_redeem0 1))
     (= owner kv_o)
     (= msgSender kv_s)
     (not (= kv_s kv_o)))
[BMC] CheckBound: k=1
[BMC] SolverResult: rule=unauthorizedRedeem, k=1, result=UNSATISFIABLE
[BMC] SolverResult: rule=unauthorizedAddBlackList, k=1, result=UNSATISFIABLE
[BMC] SolverResult: rule=unauthorizedDestroyBlackFund, k=1, result=UNSATISFIABLE
[BMC] SolverResult: rule=unauthorizedIssue, k=1, result=UNSATISFIABLE
[BMC] SolverResult: rule=negativeAllowance, k=1, result=UNSATISFIABLE
[BMC] SolverResult: rule=unequalBalance, k=1, result=UNSATISFIABLE
[BMC] SolverResult: rule=negativeBalance, k=1, result=UNSATISFIABLE
[BMC] SolverResult: rule=blacklistedTransfer, k=1, result=UNSATISFIABLE
[BMC] CheckBound: k=2
[BMC] SolverResult: rule=unauthorizedRedeem, k=2, result=UNSATISFIABLE
[BMC] SolverResult: rule=unauthorizedAddBlackList, k=2, result=UNSATISFIABLE
[BMC] SolverResult: rule=unauthorizedDestroyBlackFund, k=2, result=UNSATISFIABLE
[BMC] SolverResult: rule=unauthorizedIssue, k=2, result=UNSATISFIABLE
[BMC] SolverResult: rule=negativeAllowance, k=2, result=UNSATISFIABLE
[BMC] SolverResult: rule=unequalBalance, k=2, result=UNSATISFIABLE
[BMC] SolverResult: rule=negativeBalance, k=2, result=UNSATISFIABLE
[BMC] SolverResult: rule=blacklistedTransfer, k=2, result=UNSATISFIABLE
[BMC] CheckBound: k=3
[BMC] SolverResult: rule=unauthorizedRedeem, k=3, result=UNSATISFIABLE
[BMC] SolverResult: rule=unauthorizedAddBlackList, k=3, result=UNSATISFIABLE
[BMC] SolverResult: rule=unauthorizedDestroyBlackFund, k=3, result=UNSATISFIABLE
[BMC] SolverResult: rule=unauthorizedIssue, k=3, result=UNSATISFIABLE
[BMC] SolverResult: rule=negativeAllowance, k=3, result=UNSATISFIABLE
[BMC] SolverResult: rule=unequalBalance, k=3, result=UNSATISFIABLE
[BMC] SolverResult: rule=negativeBalance, k=3, result=UNSATISFIABLE
[BMC] SolverResult: rule=blacklistedTransfer, k=3, result=UNSATISFIABLE
[BMC] CheckBound: k=4
[BMC] SolverResult: rule=unauthorizedRedeem, k=4, result=UNSATISFIABLE
[BMC] SolverResult: rule=unauthorizedAddBlackList, k=4, result=UNSATISFIABLE
[BMC] SolverResult: rule=unauthorizedDestroyBlackFund, k=4, result=UNSATISFIABLE
[BMC] SolverResult: rule=unauthorizedIssue, k=4, result=UNSATISFIABLE
[BMC] SolverResult: rule=negativeAllowance, k=4, result=SATISFIABLE
[BMC] CounterexampleFound: rule=negativeAllowance, k=4
[BMC] CounterexampleReturned: rule=negativeAllowance, k=4
[tether.dl] Iteration#30 Counterexample:
Trace:
[0] constructor(0) [msgSender: 2, value: 0]
[1] recv_addBlackList(address(17)) [msgSender: 2, value: 0]
[2] recv_issue(address(17),37333) [msgSender: 2, value: 0]
[3] recv_increaseAllowance(address(16),address(17),60973) [msgSender: 18, value: 0]
[4] recv_transferFrom(address(17),address(17),address(16),37332) [msgSender: 17, value: 0]
[tether.dl] Iteration#30 RestrictedSolveStatus: relation=recv_transferFrom, status=SAT
[tether.dl] Iteration#30 ProgramAfterRestrictedSynthesis:
addBlackList(p) :- recv_addBlackList(p),owner(o),msgSender(s),o==s.
destroyBlackFund(p,n) :- msgSender(s),recv_destroyBlackFund(p,n),n<=balanceOf_x1,balanceOf(p,balanceOf_x1),owner(o),s==o.
transferFrom(o,r,s,n) :- allowance(o,r,allowance_x2_0),balanceOf(o,balanceOf_x1_1),0!=allowance_x2_0,recv_transferFrom(o,r,s,n),balanceOf_x1_1>0.
transfer(s,r,n) :- recv_transfer(s,r,n),isBlackListed(s,isBlackListed_x1),isBlackListed_x1==false.
increaseAllowance(o,s,d) :- recv_increaseAllowance(o,s,d),d>0.
issue(p,n) :- msgSender(s),n>0,recv_issue(p,n),owner(o),s==o.
redeem(p,n) :- msgSender(s),recv_redeem(p,n),n<=balanceOf_x1,balanceOf(p,balanceOf_x1),owner(o),s==o.
[tether.dl] Iteration#30 SynthesisResult: updated
[tether.dl] Iteration#31 ProgramBeforeBMC:
addBlackList(p) :- recv_addBlackList(p),owner(o),msgSender(s),o==s.
destroyBlackFund(p,n) :- msgSender(s),recv_destroyBlackFund(p,n),n<=balanceOf_x1,balanceOf(p,balanceOf_x1),owner(o),s==o.
transferFrom(o,r,s,n) :- allowance(o,r,allowance_x2_0),balanceOf(o,balanceOf_x1_1),0!=allowance_x2_0,recv_transferFrom(o,r,s,n),balanceOf_x1_1>0.
transfer(s,r,n) :- recv_transfer(s,r,n),isBlackListed(s,isBlackListed_x1),isBlackListed_x1==false.
increaseAllowance(o,s,d) :- recv_increaseAllowance(o,s,d),d>0.
issue(p,n) :- msgSender(s),n>0,recv_issue(p,n),owner(o),s==o.
redeem(p,n) :- msgSender(s),recv_redeem(p,n),n<=balanceOf_x1,balanceOf(p,balanceOf_x1),owner(o),s==o.
[tether.dl] Iteration#31 BMCInput: bound=5, violationRules=blacklistedTransfer,negativeAllowance,negativeBalance,unauthorizedAddBlackList,unauthorizedDestroyBlackFund,unauthorizedIssue,unauthorizedRedeem,unequalBalance
[BMC] TransitionSystemReady: program=Tether
[BMC] TemporalSpec(state): rule=negativeAllowance, formula=(and (= (select allowance (allowance_keyTuple kv_s kv_p)) kv_n)
     (select allowance__exists (allowance_keyTuple kv_s kv_p))
     (not (<= 0 kv_n))
     (not (= kv_s 0))
     (not (= kv_p 0)))
[BMC] TemporalSpec(state): rule=unequalBalance, formula=(and (= totalBalances kv_s) (= totalSupply kv_n) (not (= kv_s kv_n)))
[BMC] TemporalSpec(state): rule=negativeBalance, formula=(and (= (select balanceOf kv_p) kv_n)
     (select balanceOf__exists kv_p)
     (not (<= 0 kv_n))
     (not (= kv_p 0)))
[BMC] TemporalSpec(state): rule=blacklistedTransfer, formula=(and (= onceBlacklistedTransfer kv_b) kv_b)
[BMC] TemporalSpec(tx): rule=unauthorizedIssue, formula=(and (or (= recv_issue0 1))
     (= owner kv_o)
     (= msgSender kv_s)
     (not (= kv_s kv_o)))
[BMC] TemporalSpec(tx): rule=unauthorizedDestroyBlackFund, formula=(and (or (= recv_destroyBlackFund0 1))
     (= owner kv_o)
     (= msgSender kv_s)
     (not (= kv_s kv_o)))
[BMC] TemporalSpec(tx): rule=unauthorizedAddBlackList, formula=(and (or (= recv_addBlackList0 1))
     (= owner kv_o)
     (= msgSender kv_s)
     (not (= kv_o kv_s)))
[BMC] TemporalSpec(tx): rule=unauthorizedRedeem, formula=(and (or (= recv_redeem0 1))
     (= owner kv_o)
     (= msgSender kv_s)
     (not (= kv_s kv_o)))
[BMC] CheckBound: k=1
[BMC] SolverResult: rule=unauthorizedRedeem, k=1, result=UNSATISFIABLE
[BMC] SolverResult: rule=unauthorizedAddBlackList, k=1, result=UNSATISFIABLE
[BMC] SolverResult: rule=unauthorizedDestroyBlackFund, k=1, result=UNSATISFIABLE
[BMC] SolverResult: rule=unauthorizedIssue, k=1, result=UNSATISFIABLE
[BMC] SolverResult: rule=negativeAllowance, k=1, result=UNSATISFIABLE
[BMC] SolverResult: rule=unequalBalance, k=1, result=UNSATISFIABLE
[BMC] SolverResult: rule=negativeBalance, k=1, result=UNSATISFIABLE
[BMC] SolverResult: rule=blacklistedTransfer, k=1, result=UNSATISFIABLE
[BMC] CheckBound: k=2
[BMC] SolverResult: rule=unauthorizedRedeem, k=2, result=UNSATISFIABLE
[BMC] SolverResult: rule=unauthorizedAddBlackList, k=2, result=UNSATISFIABLE
[BMC] SolverResult: rule=unauthorizedDestroyBlackFund, k=2, result=UNSATISFIABLE
[BMC] SolverResult: rule=unauthorizedIssue, k=2, result=UNSATISFIABLE
[BMC] SolverResult: rule=negativeAllowance, k=2, result=UNSATISFIABLE
[BMC] SolverResult: rule=unequalBalance, k=2, result=UNSATISFIABLE
[BMC] SolverResult: rule=negativeBalance, k=2, result=UNSATISFIABLE
[BMC] SolverResult: rule=blacklistedTransfer, k=2, result=UNSATISFIABLE
[BMC] CheckBound: k=3
[BMC] SolverResult: rule=unauthorizedRedeem, k=3, result=UNSATISFIABLE
[BMC] SolverResult: rule=unauthorizedAddBlackList, k=3, result=UNSATISFIABLE
[BMC] SolverResult: rule=unauthorizedDestroyBlackFund, k=3, result=UNSATISFIABLE
[BMC] SolverResult: rule=unauthorizedIssue, k=3, result=UNSATISFIABLE
[BMC] SolverResult: rule=negativeAllowance, k=3, result=UNSATISFIABLE
[BMC] SolverResult: rule=unequalBalance, k=3, result=UNSATISFIABLE
[BMC] SolverResult: rule=negativeBalance, k=3, result=UNSATISFIABLE
[BMC] SolverResult: rule=blacklistedTransfer, k=3, result=UNSATISFIABLE
[BMC] CheckBound: k=4
[BMC] SolverResult: rule=unauthorizedRedeem, k=4, result=UNSATISFIABLE
[BMC] SolverResult: rule=unauthorizedAddBlackList, k=4, result=UNSATISFIABLE
[BMC] SolverResult: rule=unauthorizedDestroyBlackFund, k=4, result=UNSATISFIABLE
[BMC] SolverResult: rule=unauthorizedIssue, k=4, result=UNSATISFIABLE
[BMC] SolverResult: rule=negativeAllowance, k=4, result=SATISFIABLE
[BMC] CounterexampleFound: rule=negativeAllowance, k=4
[BMC] CounterexampleReturned: rule=negativeAllowance, k=4
[tether.dl] Iteration#31 Counterexample:
Trace:
[0] constructor(0) [msgSender: 14, value: 0]
[1] recv_issue(address(14),20523) [msgSender: 14, value: 0]
[2] recv_addBlackList(address(14)) [msgSender: 14, value: 0]
[3] recv_increaseAllowance(address(14),address(14),28776) [msgSender: 15, value: 0]
[4] recv_transferFrom(address(14),address(14),address(15),31082) [msgSender: 16, value: 0]
[tether.dl] Iteration#31 RestrictedSolveStatus: relation=recv_transferFrom, status=SAT
[tether.dl] Iteration#31 ProgramAfterRestrictedSynthesis:
addBlackList(p) :- recv_addBlackList(p),owner(o),msgSender(s),o==s.
transferFrom(o,r,s,n) :- allowance(o,r,allowance_x2_0),n<allowance_x2_0,balanceOf(o,balanceOf_x1_1),0!=balanceOf_x1_1,recv_transferFrom(o,r,s,n).
destroyBlackFund(p,n) :- msgSender(s),recv_destroyBlackFund(p,n),n<=balanceOf_x1,balanceOf(p,balanceOf_x1),owner(o),s==o.
transfer(s,r,n) :- recv_transfer(s,r,n),isBlackListed(s,isBlackListed_x1),isBlackListed_x1==false.
increaseAllowance(o,s,d) :- recv_increaseAllowance(o,s,d),d>0.
issue(p,n) :- msgSender(s),n>0,recv_issue(p,n),owner(o),s==o.
redeem(p,n) :- msgSender(s),recv_redeem(p,n),n<=balanceOf_x1,balanceOf(p,balanceOf_x1),owner(o),s==o.
[tether.dl] Iteration#31 SynthesisResult: updated
[tether.dl] Iteration#32 ProgramBeforeBMC:
addBlackList(p) :- recv_addBlackList(p),owner(o),msgSender(s),o==s.
transferFrom(o,r,s,n) :- allowance(o,r,allowance_x2_0),n<allowance_x2_0,balanceOf(o,balanceOf_x1_1),0!=balanceOf_x1_1,recv_transferFrom(o,r,s,n).
destroyBlackFund(p,n) :- msgSender(s),recv_destroyBlackFund(p,n),n<=balanceOf_x1,balanceOf(p,balanceOf_x1),owner(o),s==o.
transfer(s,r,n) :- recv_transfer(s,r,n),isBlackListed(s,isBlackListed_x1),isBlackListed_x1==false.
increaseAllowance(o,s,d) :- recv_increaseAllowance(o,s,d),d>0.
issue(p,n) :- msgSender(s),n>0,recv_issue(p,n),owner(o),s==o.
redeem(p,n) :- msgSender(s),recv_redeem(p,n),n<=balanceOf_x1,balanceOf(p,balanceOf_x1),owner(o),s==o.
[tether.dl] Iteration#32 BMCInput: bound=5, violationRules=blacklistedTransfer,negativeAllowance,negativeBalance,unauthorizedAddBlackList,unauthorizedDestroyBlackFund,unauthorizedIssue,unauthorizedRedeem,unequalBalance
[BMC] TransitionSystemReady: program=Tether
[BMC] TemporalSpec(state): rule=negativeAllowance, formula=(and (= (select allowance (allowance_keyTuple kv_s kv_p)) kv_n)
     (select allowance__exists (allowance_keyTuple kv_s kv_p))
     (not (<= 0 kv_n))
     (not (= kv_s 0))
     (not (= kv_p 0)))
[BMC] TemporalSpec(state): rule=unequalBalance, formula=(and (= totalBalances kv_s) (= totalSupply kv_n) (not (= kv_s kv_n)))
[BMC] TemporalSpec(state): rule=negativeBalance, formula=(and (= (select balanceOf kv_p) kv_n)
     (select balanceOf__exists kv_p)
     (not (<= 0 kv_n))
     (not (= kv_p 0)))
[BMC] TemporalSpec(state): rule=blacklistedTransfer, formula=(and (= onceBlacklistedTransfer kv_b) kv_b)
[BMC] TemporalSpec(tx): rule=unauthorizedIssue, formula=(and (or (= recv_issue0 1))
     (= owner kv_o)
     (= msgSender kv_s)
     (not (= kv_s kv_o)))
[BMC] TemporalSpec(tx): rule=unauthorizedDestroyBlackFund, formula=(and (or (= recv_destroyBlackFund0 1))
     (= owner kv_o)
     (= msgSender kv_s)
     (not (= kv_s kv_o)))
[BMC] TemporalSpec(tx): rule=unauthorizedAddBlackList, formula=(and (or (= recv_addBlackList0 1))
     (= owner kv_o)
     (= msgSender kv_s)
     (not (= kv_o kv_s)))
[BMC] TemporalSpec(tx): rule=unauthorizedRedeem, formula=(and (or (= recv_redeem0 1))
     (= owner kv_o)
     (= msgSender kv_s)
     (not (= kv_s kv_o)))
[BMC] CheckBound: k=1
[BMC] SolverResult: rule=unauthorizedRedeem, k=1, result=UNSATISFIABLE
[BMC] SolverResult: rule=unauthorizedAddBlackList, k=1, result=UNSATISFIABLE
[BMC] SolverResult: rule=unauthorizedDestroyBlackFund, k=1, result=UNSATISFIABLE
[BMC] SolverResult: rule=unauthorizedIssue, k=1, result=UNSATISFIABLE
[BMC] SolverResult: rule=negativeAllowance, k=1, result=UNSATISFIABLE
[BMC] SolverResult: rule=unequalBalance, k=1, result=UNSATISFIABLE
[BMC] SolverResult: rule=negativeBalance, k=1, result=UNSATISFIABLE
[BMC] SolverResult: rule=blacklistedTransfer, k=1, result=UNSATISFIABLE
[BMC] CheckBound: k=2
[BMC] SolverResult: rule=unauthorizedRedeem, k=2, result=UNSATISFIABLE
[BMC] SolverResult: rule=unauthorizedAddBlackList, k=2, result=UNSATISFIABLE
[BMC] SolverResult: rule=unauthorizedDestroyBlackFund, k=2, result=UNSATISFIABLE
[BMC] SolverResult: rule=unauthorizedIssue, k=2, result=UNSATISFIABLE
[BMC] SolverResult: rule=negativeAllowance, k=2, result=UNSATISFIABLE
[BMC] SolverResult: rule=unequalBalance, k=2, result=UNSATISFIABLE
[BMC] SolverResult: rule=negativeBalance, k=2, result=UNSATISFIABLE
[BMC] SolverResult: rule=blacklistedTransfer, k=2, result=UNSATISFIABLE
[BMC] CheckBound: k=3
[BMC] SolverResult: rule=unauthorizedRedeem, k=3, result=UNSATISFIABLE
[BMC] SolverResult: rule=unauthorizedAddBlackList, k=3, result=UNSATISFIABLE
[BMC] SolverResult: rule=unauthorizedDestroyBlackFund, k=3, result=UNSATISFIABLE
[BMC] SolverResult: rule=unauthorizedIssue, k=3, result=UNSATISFIABLE
[BMC] SolverResult: rule=negativeAllowance, k=3, result=UNSATISFIABLE
[BMC] SolverResult: rule=unequalBalance, k=3, result=UNSATISFIABLE
[BMC] SolverResult: rule=negativeBalance, k=3, result=UNSATISFIABLE
[BMC] SolverResult: rule=blacklistedTransfer, k=3, result=UNSATISFIABLE
[BMC] CheckBound: k=4
[BMC] SolverResult: rule=unauthorizedRedeem, k=4, result=UNSATISFIABLE
[BMC] SolverResult: rule=unauthorizedAddBlackList, k=4, result=UNSATISFIABLE
[BMC] SolverResult: rule=unauthorizedDestroyBlackFund, k=4, result=UNSATISFIABLE
[BMC] SolverResult: rule=unauthorizedIssue, k=4, result=UNSATISFIABLE
[BMC] SolverResult: rule=negativeAllowance, k=4, result=SATISFIABLE
[BMC] CounterexampleFound: rule=negativeAllowance, k=4
[BMC] CounterexampleReturned: rule=negativeAllowance, k=4
[tether.dl] Iteration#32 Counterexample:
Trace:
[0] constructor(0) [msgSender: 11, value: 0]
[1] recv_increaseAllowance(address(13),address(13),43603) [msgSender: 11, value: 0]
[2] recv_issue(address(13),23048) [msgSender: 11, value: 0]
[3] recv_addBlackList(address(13)) [msgSender: 11, value: 0]
[4] recv_transferFrom(address(13),address(13),address(18),43602) [msgSender: 19, value: 0]
[tether.dl] Iteration#32 RestrictedSolveStatus: relation=recv_transferFrom, status=SAT
[tether.dl] Iteration#32 ProgramAfterRestrictedSynthesis:
addBlackList(p) :- recv_addBlackList(p),owner(o),msgSender(s),o==s.
destroyBlackFund(p,n) :- msgSender(s),recv_destroyBlackFund(p,n),n<=balanceOf_x1,balanceOf(p,balanceOf_x1),owner(o),s==o.
transferFrom(o,r,s,n) :- balanceOf_x1_0>0,0!=allowance_x2_1,allowance(o,s,allowance_x2_1),recv_transferFrom(o,r,s,n),balanceOf(s,balanceOf_x1_0).
transfer(s,r,n) :- recv_transfer(s,r,n),isBlackListed(s,isBlackListed_x1),isBlackListed_x1==false.
increaseAllowance(o,s,d) :- recv_increaseAllowance(o,s,d),d>0.
issue(p,n) :- msgSender(s),n>0,recv_issue(p,n),owner(o),s==o.
redeem(p,n) :- msgSender(s),recv_redeem(p,n),n<=balanceOf_x1,balanceOf(p,balanceOf_x1),owner(o),s==o.
[tether.dl] Iteration#32 SynthesisResult: updated
[tether.dl] Iteration#33 ProgramBeforeBMC:
addBlackList(p) :- recv_addBlackList(p),owner(o),msgSender(s),o==s.
destroyBlackFund(p,n) :- msgSender(s),recv_destroyBlackFund(p,n),n<=balanceOf_x1,balanceOf(p,balanceOf_x1),owner(o),s==o.
transferFrom(o,r,s,n) :- balanceOf_x1_0>0,0!=allowance_x2_1,allowance(o,s,allowance_x2_1),recv_transferFrom(o,r,s,n),balanceOf(s,balanceOf_x1_0).
transfer(s,r,n) :- recv_transfer(s,r,n),isBlackListed(s,isBlackListed_x1),isBlackListed_x1==false.
increaseAllowance(o,s,d) :- recv_increaseAllowance(o,s,d),d>0.
issue(p,n) :- msgSender(s),n>0,recv_issue(p,n),owner(o),s==o.
redeem(p,n) :- msgSender(s),recv_redeem(p,n),n<=balanceOf_x1,balanceOf(p,balanceOf_x1),owner(o),s==o.
[tether.dl] Iteration#33 BMCInput: bound=5, violationRules=blacklistedTransfer,negativeAllowance,negativeBalance,unauthorizedAddBlackList,unauthorizedDestroyBlackFund,unauthorizedIssue,unauthorizedRedeem,unequalBalance
[BMC] TransitionSystemReady: program=Tether
[BMC] TemporalSpec(state): rule=negativeAllowance, formula=(and (= (select allowance (allowance_keyTuple kv_s kv_p)) kv_n)
     (select allowance__exists (allowance_keyTuple kv_s kv_p))
     (not (<= 0 kv_n))
     (not (= kv_s 0))
     (not (= kv_p 0)))
[BMC] TemporalSpec(state): rule=unequalBalance, formula=(and (= totalBalances kv_s) (= totalSupply kv_n) (not (= kv_s kv_n)))
[BMC] TemporalSpec(state): rule=negativeBalance, formula=(and (= (select balanceOf kv_p) kv_n)
     (select balanceOf__exists kv_p)
     (not (<= 0 kv_n))
     (not (= kv_p 0)))
[BMC] TemporalSpec(state): rule=blacklistedTransfer, formula=(and (= onceBlacklistedTransfer kv_b) kv_b)
[BMC] TemporalSpec(tx): rule=unauthorizedIssue, formula=(and (or (= recv_issue0 1))
     (= owner kv_o)
     (= msgSender kv_s)
     (not (= kv_s kv_o)))
[BMC] TemporalSpec(tx): rule=unauthorizedDestroyBlackFund, formula=(and (or (= recv_destroyBlackFund0 1))
     (= owner kv_o)
     (= msgSender kv_s)
     (not (= kv_s kv_o)))
[BMC] TemporalSpec(tx): rule=unauthorizedAddBlackList, formula=(and (or (= recv_addBlackList0 1))
     (= owner kv_o)
     (= msgSender kv_s)
     (not (= kv_o kv_s)))
[BMC] TemporalSpec(tx): rule=unauthorizedRedeem, formula=(and (or (= recv_redeem0 1))
     (= owner kv_o)
     (= msgSender kv_s)
     (not (= kv_s kv_o)))
[BMC] CheckBound: k=1
[BMC] SolverResult: rule=unauthorizedRedeem, k=1, result=UNSATISFIABLE
[BMC] SolverResult: rule=unauthorizedAddBlackList, k=1, result=UNSATISFIABLE
[BMC] SolverResult: rule=unauthorizedDestroyBlackFund, k=1, result=UNSATISFIABLE
[BMC] SolverResult: rule=unauthorizedIssue, k=1, result=UNSATISFIABLE
[BMC] SolverResult: rule=negativeAllowance, k=1, result=UNSATISFIABLE
[BMC] SolverResult: rule=unequalBalance, k=1, result=UNSATISFIABLE
[BMC] SolverResult: rule=negativeBalance, k=1, result=UNSATISFIABLE
[BMC] SolverResult: rule=blacklistedTransfer, k=1, result=UNSATISFIABLE
[BMC] CheckBound: k=2
[BMC] SolverResult: rule=unauthorizedRedeem, k=2, result=UNSATISFIABLE
[BMC] SolverResult: rule=unauthorizedAddBlackList, k=2, result=UNSATISFIABLE
[BMC] SolverResult: rule=unauthorizedDestroyBlackFund, k=2, result=UNSATISFIABLE
[BMC] SolverResult: rule=unauthorizedIssue, k=2, result=UNSATISFIABLE
[BMC] SolverResult: rule=negativeAllowance, k=2, result=UNSATISFIABLE
[BMC] SolverResult: rule=unequalBalance, k=2, result=UNSATISFIABLE
[BMC] SolverResult: rule=negativeBalance, k=2, result=UNSATISFIABLE
[BMC] SolverResult: rule=blacklistedTransfer, k=2, result=UNSATISFIABLE
[BMC] CheckBound: k=3
[BMC] SolverResult: rule=unauthorizedRedeem, k=3, result=UNSATISFIABLE
[BMC] SolverResult: rule=unauthorizedAddBlackList, k=3, result=UNSATISFIABLE
[BMC] SolverResult: rule=unauthorizedDestroyBlackFund, k=3, result=UNSATISFIABLE
[BMC] SolverResult: rule=unauthorizedIssue, k=3, result=UNSATISFIABLE
[BMC] SolverResult: rule=negativeAllowance, k=3, result=UNSATISFIABLE
[BMC] SolverResult: rule=unequalBalance, k=3, result=UNSATISFIABLE
[BMC] SolverResult: rule=negativeBalance, k=3, result=UNSATISFIABLE
[BMC] SolverResult: rule=blacklistedTransfer, k=3, result=UNSATISFIABLE
[BMC] CheckBound: k=4
[BMC] SolverResult: rule=unauthorizedRedeem, k=4, result=UNSATISFIABLE
[BMC] SolverResult: rule=unauthorizedAddBlackList, k=4, result=UNSATISFIABLE
[BMC] SolverResult: rule=unauthorizedDestroyBlackFund, k=4, result=UNSATISFIABLE
[BMC] SolverResult: rule=unauthorizedIssue, k=4, result=UNSATISFIABLE
[BMC] SolverResult: rule=negativeAllowance, k=4, result=SATISFIABLE
[BMC] CounterexampleFound: rule=negativeAllowance, k=4
[BMC] CounterexampleReturned: rule=negativeAllowance, k=4
[tether.dl] Iteration#33 Counterexample:
Trace:
[0] constructor(0) [msgSender: 6, value: 0]
[1] recv_issue(address(6),27695) [msgSender: 6, value: 0]
[2] recv_addBlackList(address(14)) [msgSender: 6, value: 0]
[3] recv_increaseAllowance(address(14),address(6),26953) [msgSender: 7, value: 0]
[4] recv_transferFrom(address(14),address(14),address(6),29135) [msgSender: 7, value: 0]
[tether.dl] Iteration#33 RestrictedSolveStatus: relation=recv_transferFrom, status=SAT
[tether.dl] Iteration#33 ProgramAfterRestrictedSynthesis:
addBlackList(p) :- recv_addBlackList(p),owner(o),msgSender(s),o==s.
transferFrom(o,r,s,n) :- 0!=balanceOf_x1_0,recv_transferFrom(o,r,s,n),0!=allowance_x2_1,allowance(o,s,allowance_x2_1),balanceOf(r,balanceOf_x1_0).
destroyBlackFund(p,n) :- msgSender(s),recv_destroyBlackFund(p,n),n<=balanceOf_x1,balanceOf(p,balanceOf_x1),owner(o),s==o.
transfer(s,r,n) :- recv_transfer(s,r,n),isBlackListed(s,isBlackListed_x1),isBlackListed_x1==false.
increaseAllowance(o,s,d) :- recv_increaseAllowance(o,s,d),d>0.
issue(p,n) :- msgSender(s),n>0,recv_issue(p,n),owner(o),s==o.
redeem(p,n) :- msgSender(s),recv_redeem(p,n),n<=balanceOf_x1,balanceOf(p,balanceOf_x1),owner(o),s==o.
[tether.dl] Iteration#33 SynthesisResult: updated
[tether.dl] Iteration#34 ProgramBeforeBMC:
addBlackList(p) :- recv_addBlackList(p),owner(o),msgSender(s),o==s.
transferFrom(o,r,s,n) :- 0!=balanceOf_x1_0,recv_transferFrom(o,r,s,n),0!=allowance_x2_1,allowance(o,s,allowance_x2_1),balanceOf(r,balanceOf_x1_0).
destroyBlackFund(p,n) :- msgSender(s),recv_destroyBlackFund(p,n),n<=balanceOf_x1,balanceOf(p,balanceOf_x1),owner(o),s==o.
transfer(s,r,n) :- recv_transfer(s,r,n),isBlackListed(s,isBlackListed_x1),isBlackListed_x1==false.
increaseAllowance(o,s,d) :- recv_increaseAllowance(o,s,d),d>0.
issue(p,n) :- msgSender(s),n>0,recv_issue(p,n),owner(o),s==o.
redeem(p,n) :- msgSender(s),recv_redeem(p,n),n<=balanceOf_x1,balanceOf(p,balanceOf_x1),owner(o),s==o.
[tether.dl] Iteration#34 BMCInput: bound=5, violationRules=blacklistedTransfer,negativeAllowance,negativeBalance,unauthorizedAddBlackList,unauthorizedDestroyBlackFund,unauthorizedIssue,unauthorizedRedeem,unequalBalance
[BMC] TransitionSystemReady: program=Tether
[BMC] TemporalSpec(state): rule=negativeAllowance, formula=(and (= (select allowance (allowance_keyTuple kv_s kv_p)) kv_n)
     (select allowance__exists (allowance_keyTuple kv_s kv_p))
     (not (<= 0 kv_n))
     (not (= kv_s 0))
     (not (= kv_p 0)))
[BMC] TemporalSpec(state): rule=unequalBalance, formula=(and (= totalBalances kv_s) (= totalSupply kv_n) (not (= kv_s kv_n)))
[BMC] TemporalSpec(state): rule=negativeBalance, formula=(and (= (select balanceOf kv_p) kv_n)
     (select balanceOf__exists kv_p)
     (not (<= 0 kv_n))
     (not (= kv_p 0)))
[BMC] TemporalSpec(state): rule=blacklistedTransfer, formula=(and (= onceBlacklistedTransfer kv_b) kv_b)
[BMC] TemporalSpec(tx): rule=unauthorizedIssue, formula=(and (or (= recv_issue0 1))
     (= owner kv_o)
     (= msgSender kv_s)
     (not (= kv_s kv_o)))
[BMC] TemporalSpec(tx): rule=unauthorizedDestroyBlackFund, formula=(and (or (= recv_destroyBlackFund0 1))
     (= owner kv_o)
     (= msgSender kv_s)
     (not (= kv_s kv_o)))
[BMC] TemporalSpec(tx): rule=unauthorizedAddBlackList, formula=(and (or (= recv_addBlackList0 1))
     (= owner kv_o)
     (= msgSender kv_s)
     (not (= kv_o kv_s)))
[BMC] TemporalSpec(tx): rule=unauthorizedRedeem, formula=(and (or (= recv_redeem0 1))
     (= owner kv_o)
     (= msgSender kv_s)
     (not (= kv_s kv_o)))
[BMC] CheckBound: k=1
[BMC] SolverResult: rule=unauthorizedRedeem, k=1, result=UNSATISFIABLE
[BMC] SolverResult: rule=unauthorizedAddBlackList, k=1, result=UNSATISFIABLE
[BMC] SolverResult: rule=unauthorizedDestroyBlackFund, k=1, result=UNSATISFIABLE
[BMC] SolverResult: rule=unauthorizedIssue, k=1, result=UNSATISFIABLE
[BMC] SolverResult: rule=negativeAllowance, k=1, result=UNSATISFIABLE
[BMC] SolverResult: rule=unequalBalance, k=1, result=UNSATISFIABLE
[BMC] SolverResult: rule=negativeBalance, k=1, result=UNSATISFIABLE
[BMC] SolverResult: rule=blacklistedTransfer, k=1, result=UNSATISFIABLE
[BMC] CheckBound: k=2
[BMC] SolverResult: rule=unauthorizedRedeem, k=2, result=UNSATISFIABLE
[BMC] SolverResult: rule=unauthorizedAddBlackList, k=2, result=UNSATISFIABLE
[BMC] SolverResult: rule=unauthorizedDestroyBlackFund, k=2, result=UNSATISFIABLE
[BMC] SolverResult: rule=unauthorizedIssue, k=2, result=UNSATISFIABLE
[BMC] SolverResult: rule=negativeAllowance, k=2, result=UNSATISFIABLE
[BMC] SolverResult: rule=unequalBalance, k=2, result=UNSATISFIABLE
[BMC] SolverResult: rule=negativeBalance, k=2, result=UNSATISFIABLE
[BMC] SolverResult: rule=blacklistedTransfer, k=2, result=UNSATISFIABLE
[BMC] CheckBound: k=3
[BMC] SolverResult: rule=unauthorizedRedeem, k=3, result=UNSATISFIABLE
[BMC] SolverResult: rule=unauthorizedAddBlackList, k=3, result=UNSATISFIABLE
[BMC] SolverResult: rule=unauthorizedDestroyBlackFund, k=3, result=UNSATISFIABLE
[BMC] SolverResult: rule=unauthorizedIssue, k=3, result=UNSATISFIABLE
[BMC] SolverResult: rule=negativeAllowance, k=3, result=UNSATISFIABLE
[BMC] SolverResult: rule=unequalBalance, k=3, result=UNSATISFIABLE
[BMC] SolverResult: rule=negativeBalance, k=3, result=UNSATISFIABLE
[BMC] SolverResult: rule=blacklistedTransfer, k=3, result=UNSATISFIABLE
[BMC] CheckBound: k=4
[BMC] SolverResult: rule=unauthorizedRedeem, k=4, result=UNSATISFIABLE
[BMC] SolverResult: rule=unauthorizedAddBlackList, k=4, result=UNSATISFIABLE
[BMC] SolverResult: rule=unauthorizedDestroyBlackFund, k=4, result=UNSATISFIABLE
[BMC] SolverResult: rule=unauthorizedIssue, k=4, result=UNSATISFIABLE
[BMC] SolverResult: rule=negativeAllowance, k=4, result=SATISFIABLE
[BMC] CounterexampleFound: rule=negativeAllowance, k=4
[BMC] CounterexampleReturned: rule=negativeAllowance, k=4
[tether.dl] Iteration#34 Counterexample:
Trace:
[0] constructor(0) [msgSender: 2, value: 0]
[1] recv_issue(address(2),1) [msgSender: 2, value: 0]
[2] recv_increaseAllowance(address(2),address(2),532) [msgSender: 3, value: 0]
[3] recv_addBlackList(address(2)) [msgSender: 2, value: 0]
[4] recv_transferFrom(address(2),address(2),address(2),24366) [msgSender: 3, value: 0]
[tether.dl] Iteration#34 RestrictedSolveStatus: relation=recv_transferFrom, status=SAT
[tether.dl] Iteration#34 ProgramAfterRestrictedSynthesis:
transferFrom(o,r,s,n) :- n>0,n<balanceOf_x1_1,recv_transferFrom(o,r,s,n),allowance(r,s,allowance_x2_2),0!=allowance_x2_2,balanceOf(s,balanceOf_x1_1).
addBlackList(p) :- recv_addBlackList(p),owner(o),msgSender(s),o==s.
destroyBlackFund(p,n) :- msgSender(s),recv_destroyBlackFund(p,n),n<=balanceOf_x1,balanceOf(p,balanceOf_x1),owner(o),s==o.
transfer(s,r,n) :- recv_transfer(s,r,n),isBlackListed(s,isBlackListed_x1),isBlackListed_x1==false.
increaseAllowance(o,s,d) :- recv_increaseAllowance(o,s,d),d>0.
issue(p,n) :- msgSender(s),n>0,recv_issue(p,n),owner(o),s==o.
redeem(p,n) :- msgSender(s),recv_redeem(p,n),n<=balanceOf_x1,balanceOf(p,balanceOf_x1),owner(o),s==o.
[tether.dl] Iteration#34 SynthesisResult: updated
[tether.dl] Iteration#35 ProgramBeforeBMC:
transferFrom(o,r,s,n) :- n>0,n<balanceOf_x1_1,recv_transferFrom(o,r,s,n),allowance(r,s,allowance_x2_2),0!=allowance_x2_2,balanceOf(s,balanceOf_x1_1).
addBlackList(p) :- recv_addBlackList(p),owner(o),msgSender(s),o==s.
destroyBlackFund(p,n) :- msgSender(s),recv_destroyBlackFund(p,n),n<=balanceOf_x1,balanceOf(p,balanceOf_x1),owner(o),s==o.
transfer(s,r,n) :- recv_transfer(s,r,n),isBlackListed(s,isBlackListed_x1),isBlackListed_x1==false.
increaseAllowance(o,s,d) :- recv_increaseAllowance(o,s,d),d>0.
issue(p,n) :- msgSender(s),n>0,recv_issue(p,n),owner(o),s==o.
redeem(p,n) :- msgSender(s),recv_redeem(p,n),n<=balanceOf_x1,balanceOf(p,balanceOf_x1),owner(o),s==o.
[tether.dl] Iteration#35 BMCInput: bound=5, violationRules=blacklistedTransfer,negativeAllowance,negativeBalance,unauthorizedAddBlackList,unauthorizedDestroyBlackFund,unauthorizedIssue,unauthorizedRedeem,unequalBalance
[BMC] TransitionSystemReady: program=Tether
[BMC] TemporalSpec(state): rule=negativeAllowance, formula=(and (= (select allowance (allowance_keyTuple kv_s kv_p)) kv_n)
     (select allowance__exists (allowance_keyTuple kv_s kv_p))
     (not (<= 0 kv_n))
     (not (= kv_s 0))
     (not (= kv_p 0)))
[BMC] TemporalSpec(state): rule=unequalBalance, formula=(and (= totalBalances kv_s) (= totalSupply kv_n) (not (= kv_s kv_n)))
[BMC] TemporalSpec(state): rule=negativeBalance, formula=(and (= (select balanceOf kv_p) kv_n)
     (select balanceOf__exists kv_p)
     (not (<= 0 kv_n))
     (not (= kv_p 0)))
[BMC] TemporalSpec(state): rule=blacklistedTransfer, formula=(and (= onceBlacklistedTransfer kv_b) kv_b)
[BMC] TemporalSpec(tx): rule=unauthorizedIssue, formula=(and (or (= recv_issue0 1))
     (= owner kv_o)
     (= msgSender kv_s)
     (not (= kv_s kv_o)))
[BMC] TemporalSpec(tx): rule=unauthorizedDestroyBlackFund, formula=(and (or (= recv_destroyBlackFund0 1))
     (= owner kv_o)
     (= msgSender kv_s)
     (not (= kv_s kv_o)))
[BMC] TemporalSpec(tx): rule=unauthorizedAddBlackList, formula=(and (or (= recv_addBlackList0 1))
     (= owner kv_o)
     (= msgSender kv_s)
     (not (= kv_o kv_s)))
[BMC] TemporalSpec(tx): rule=unauthorizedRedeem, formula=(and (or (= recv_redeem0 1))
     (= owner kv_o)
     (= msgSender kv_s)
     (not (= kv_s kv_o)))
[BMC] CheckBound: k=1
[BMC] SolverResult: rule=unauthorizedRedeem, k=1, result=UNSATISFIABLE
[BMC] SolverResult: rule=unauthorizedAddBlackList, k=1, result=UNSATISFIABLE
[BMC] SolverResult: rule=unauthorizedDestroyBlackFund, k=1, result=UNSATISFIABLE
[BMC] SolverResult: rule=unauthorizedIssue, k=1, result=UNSATISFIABLE
[BMC] SolverResult: rule=negativeAllowance, k=1, result=UNSATISFIABLE
[BMC] SolverResult: rule=unequalBalance, k=1, result=UNSATISFIABLE
[BMC] SolverResult: rule=negativeBalance, k=1, result=UNSATISFIABLE
[BMC] SolverResult: rule=blacklistedTransfer, k=1, result=UNSATISFIABLE
[BMC] CheckBound: k=2
[BMC] SolverResult: rule=unauthorizedRedeem, k=2, result=UNSATISFIABLE
[BMC] SolverResult: rule=unauthorizedAddBlackList, k=2, result=UNSATISFIABLE
[BMC] SolverResult: rule=unauthorizedDestroyBlackFund, k=2, result=UNSATISFIABLE
[BMC] SolverResult: rule=unauthorizedIssue, k=2, result=UNSATISFIABLE
[BMC] SolverResult: rule=negativeAllowance, k=2, result=UNSATISFIABLE
[BMC] SolverResult: rule=unequalBalance, k=2, result=UNSATISFIABLE
[BMC] SolverResult: rule=negativeBalance, k=2, result=UNSATISFIABLE
[BMC] SolverResult: rule=blacklistedTransfer, k=2, result=UNSATISFIABLE
[BMC] CheckBound: k=3
[BMC] SolverResult: rule=unauthorizedRedeem, k=3, result=UNSATISFIABLE
[BMC] SolverResult: rule=unauthorizedAddBlackList, k=3, result=UNSATISFIABLE
[BMC] SolverResult: rule=unauthorizedDestroyBlackFund, k=3, result=UNSATISFIABLE
[BMC] SolverResult: rule=unauthorizedIssue, k=3, result=UNSATISFIABLE
[BMC] SolverResult: rule=negativeAllowance, k=3, result=UNSATISFIABLE
[BMC] SolverResult: rule=unequalBalance, k=3, result=UNSATISFIABLE
[BMC] SolverResult: rule=negativeBalance, k=3, result=UNSATISFIABLE
[BMC] SolverResult: rule=blacklistedTransfer, k=3, result=UNSATISFIABLE
[BMC] CheckBound: k=4
[BMC] SolverResult: rule=unauthorizedRedeem, k=4, result=UNSATISFIABLE
[BMC] SolverResult: rule=unauthorizedAddBlackList, k=4, result=UNSATISFIABLE
[BMC] SolverResult: rule=unauthorizedDestroyBlackFund, k=4, result=UNSATISFIABLE
[BMC] SolverResult: rule=unauthorizedIssue, k=4, result=UNSATISFIABLE
[BMC] SolverResult: rule=negativeAllowance, k=4, result=SATISFIABLE
[BMC] CounterexampleFound: rule=negativeAllowance, k=4
[BMC] CounterexampleReturned: rule=negativeAllowance, k=4
[tether.dl] Iteration#35 Counterexample:
Trace:
[0] constructor(0) [msgSender: 7, value: 0]
[1] recv_increaseAllowance(address(7),address(15),19330) [msgSender: 7, value: 0]
[2] recv_addBlackList(address(7)) [msgSender: 7, value: 0]
[3] recv_issue(address(15),67037) [msgSender: 7, value: 0]
[4] recv_transferFrom(address(7),address(7),address(15),45738) [msgSender: 16, value: 0]
[tether.dl] Iteration#35 RestrictedSolveStatus: relation=recv_transferFrom, status=SAT
[tether.dl] Iteration#35 ProgramAfterRestrictedSynthesis:
transferFrom(o,r,s,n) :- n>0,0!=allowance_x2_2,n<=balanceOf_x1_1,recv_transferFrom(o,r,s,n),balanceOf(r,balanceOf_x1_1),allowance(r,s,allowance_x2_2).
addBlackList(p) :- recv_addBlackList(p),owner(o),msgSender(s),o==s.
destroyBlackFund(p,n) :- msgSender(s),recv_destroyBlackFund(p,n),n<=balanceOf_x1,balanceOf(p,balanceOf_x1),owner(o),s==o.
transfer(s,r,n) :- recv_transfer(s,r,n),isBlackListed(s,isBlackListed_x1),isBlackListed_x1==false.
increaseAllowance(o,s,d) :- recv_increaseAllowance(o,s,d),d>0.
issue(p,n) :- msgSender(s),n>0,recv_issue(p,n),owner(o),s==o.
redeem(p,n) :- msgSender(s),recv_redeem(p,n),n<=balanceOf_x1,balanceOf(p,balanceOf_x1),owner(o),s==o.
[tether.dl] Iteration#35 SynthesisResult: updated
[tether.dl] Iteration#36 ProgramBeforeBMC:
transferFrom(o,r,s,n) :- n>0,0!=allowance_x2_2,n<=balanceOf_x1_1,recv_transferFrom(o,r,s,n),balanceOf(r,balanceOf_x1_1),allowance(r,s,allowance_x2_2).
addBlackList(p) :- recv_addBlackList(p),owner(o),msgSender(s),o==s.
destroyBlackFund(p,n) :- msgSender(s),recv_destroyBlackFund(p,n),n<=balanceOf_x1,balanceOf(p,balanceOf_x1),owner(o),s==o.
transfer(s,r,n) :- recv_transfer(s,r,n),isBlackListed(s,isBlackListed_x1),isBlackListed_x1==false.
increaseAllowance(o,s,d) :- recv_increaseAllowance(o,s,d),d>0.
issue(p,n) :- msgSender(s),n>0,recv_issue(p,n),owner(o),s==o.
redeem(p,n) :- msgSender(s),recv_redeem(p,n),n<=balanceOf_x1,balanceOf(p,balanceOf_x1),owner(o),s==o.
[tether.dl] Iteration#36 BMCInput: bound=5, violationRules=blacklistedTransfer,negativeAllowance,negativeBalance,unauthorizedAddBlackList,unauthorizedDestroyBlackFund,unauthorizedIssue,unauthorizedRedeem,unequalBalance
[BMC] TransitionSystemReady: program=Tether
[BMC] TemporalSpec(state): rule=negativeAllowance, formula=(and (= (select allowance (allowance_keyTuple kv_s kv_p)) kv_n)
     (select allowance__exists (allowance_keyTuple kv_s kv_p))
     (not (<= 0 kv_n))
     (not (= kv_s 0))
     (not (= kv_p 0)))
[BMC] TemporalSpec(state): rule=unequalBalance, formula=(and (= totalBalances kv_s) (= totalSupply kv_n) (not (= kv_s kv_n)))
[BMC] TemporalSpec(state): rule=negativeBalance, formula=(and (= (select balanceOf kv_p) kv_n)
     (select balanceOf__exists kv_p)
     (not (<= 0 kv_n))
     (not (= kv_p 0)))
[BMC] TemporalSpec(state): rule=blacklistedTransfer, formula=(and (= onceBlacklistedTransfer kv_b) kv_b)
[BMC] TemporalSpec(tx): rule=unauthorizedIssue, formula=(and (or (= recv_issue0 1))
     (= owner kv_o)
     (= msgSender kv_s)
     (not (= kv_s kv_o)))
[BMC] TemporalSpec(tx): rule=unauthorizedDestroyBlackFund, formula=(and (or (= recv_destroyBlackFund0 1))
     (= owner kv_o)
     (= msgSender kv_s)
     (not (= kv_s kv_o)))
[BMC] TemporalSpec(tx): rule=unauthorizedAddBlackList, formula=(and (or (= recv_addBlackList0 1))
     (= owner kv_o)
     (= msgSender kv_s)
     (not (= kv_o kv_s)))
[BMC] TemporalSpec(tx): rule=unauthorizedRedeem, formula=(and (or (= recv_redeem0 1))
     (= owner kv_o)
     (= msgSender kv_s)
     (not (= kv_s kv_o)))
[BMC] CheckBound: k=1
[BMC] SolverResult: rule=unauthorizedRedeem, k=1, result=UNSATISFIABLE
[BMC] SolverResult: rule=unauthorizedAddBlackList, k=1, result=UNSATISFIABLE
[BMC] SolverResult: rule=unauthorizedDestroyBlackFund, k=1, result=UNSATISFIABLE
[BMC] SolverResult: rule=unauthorizedIssue, k=1, result=UNSATISFIABLE
[BMC] SolverResult: rule=negativeAllowance, k=1, result=UNSATISFIABLE
[BMC] SolverResult: rule=unequalBalance, k=1, result=UNSATISFIABLE
[BMC] SolverResult: rule=negativeBalance, k=1, result=UNSATISFIABLE
[BMC] SolverResult: rule=blacklistedTransfer, k=1, result=UNSATISFIABLE
[BMC] CheckBound: k=2
[BMC] SolverResult: rule=unauthorizedRedeem, k=2, result=UNSATISFIABLE
[BMC] SolverResult: rule=unauthorizedAddBlackList, k=2, result=UNSATISFIABLE
[BMC] SolverResult: rule=unauthorizedDestroyBlackFund, k=2, result=UNSATISFIABLE
[BMC] SolverResult: rule=unauthorizedIssue, k=2, result=UNSATISFIABLE
[BMC] SolverResult: rule=negativeAllowance, k=2, result=UNSATISFIABLE
[BMC] SolverResult: rule=unequalBalance, k=2, result=UNSATISFIABLE
[BMC] SolverResult: rule=negativeBalance, k=2, result=UNSATISFIABLE
[BMC] SolverResult: rule=blacklistedTransfer, k=2, result=UNSATISFIABLE
[BMC] CheckBound: k=3
[BMC] SolverResult: rule=unauthorizedRedeem, k=3, result=UNSATISFIABLE
[BMC] SolverResult: rule=unauthorizedAddBlackList, k=3, result=UNSATISFIABLE
[BMC] SolverResult: rule=unauthorizedDestroyBlackFund, k=3, result=UNSATISFIABLE
[BMC] SolverResult: rule=unauthorizedIssue, k=3, result=UNSATISFIABLE
[BMC] SolverResult: rule=negativeAllowance, k=3, result=UNSATISFIABLE
[BMC] SolverResult: rule=unequalBalance, k=3, result=UNSATISFIABLE
[BMC] SolverResult: rule=negativeBalance, k=3, result=UNSATISFIABLE
[BMC] SolverResult: rule=blacklistedTransfer, k=3, result=UNSATISFIABLE
[BMC] CheckBound: k=4
[BMC] SolverResult: rule=unauthorizedRedeem, k=4, result=UNSATISFIABLE
[BMC] SolverResult: rule=unauthorizedAddBlackList, k=4, result=UNSATISFIABLE
[BMC] SolverResult: rule=unauthorizedDestroyBlackFund, k=4, result=UNSATISFIABLE
[BMC] SolverResult: rule=unauthorizedIssue, k=4, result=UNSATISFIABLE
[BMC] SolverResult: rule=negativeAllowance, k=4, result=SATISFIABLE
[BMC] CounterexampleFound: rule=negativeAllowance, k=4
[BMC] CounterexampleReturned: rule=negativeAllowance, k=4
[tether.dl] Iteration#36 Counterexample:
Trace:
[0] constructor(0) [msgSender: 2, value: 0]
[1] recv_issue(address(13),280264) [msgSender: 2, value: 0]
[2] recv_addBlackList(address(13)) [msgSender: 2, value: 0]
[3] recv_increaseAllowance(address(13),address(13),9335) [msgSender: 14, value: 0]
[4] recv_transferFrom(address(13),address(13),address(13),57933) [msgSender: 14, value: 0]
[tether.dl] Iteration#36 RestrictedSolveStatus: relation=recv_transferFrom, status=SAT
[tether.dl] Iteration#36 ProgramAfterRestrictedSynthesis:
addBlackList(p) :- recv_addBlackList(p),owner(o),msgSender(s),o==s.
destroyBlackFund(p,n) :- msgSender(s),recv_destroyBlackFund(p,n),n<=balanceOf_x1,balanceOf(p,balanceOf_x1),owner(o),s==o.
transfer(s,r,n) :- recv_transfer(s,r,n),isBlackListed(s,isBlackListed_x1),isBlackListed_x1==false.
increaseAllowance(o,s,d) :- recv_increaseAllowance(o,s,d),d>0.
issue(p,n) :- msgSender(s),n>0,recv_issue(p,n),owner(o),s==o.
redeem(p,n) :- msgSender(s),recv_redeem(p,n),n<=balanceOf_x1,balanceOf(p,balanceOf_x1),owner(o),s==o.
transferFrom(o,r,s,n) :- allowance(r,s,allowance_x2_1),balanceOf_x1_0>0,n<=allowance_x2_1,recv_transferFrom(o,r,s,n),balanceOf(o,balanceOf_x1_0).
[tether.dl] Iteration#36 SynthesisResult: updated
[tether.dl] Iteration#37 ProgramBeforeBMC:
addBlackList(p) :- recv_addBlackList(p),owner(o),msgSender(s),o==s.
destroyBlackFund(p,n) :- msgSender(s),recv_destroyBlackFund(p,n),n<=balanceOf_x1,balanceOf(p,balanceOf_x1),owner(o),s==o.
transfer(s,r,n) :- recv_transfer(s,r,n),isBlackListed(s,isBlackListed_x1),isBlackListed_x1==false.
increaseAllowance(o,s,d) :- recv_increaseAllowance(o,s,d),d>0.
issue(p,n) :- msgSender(s),n>0,recv_issue(p,n),owner(o),s==o.
redeem(p,n) :- msgSender(s),recv_redeem(p,n),n<=balanceOf_x1,balanceOf(p,balanceOf_x1),owner(o),s==o.
transferFrom(o,r,s,n) :- allowance(r,s,allowance_x2_1),balanceOf_x1_0>0,n<=allowance_x2_1,recv_transferFrom(o,r,s,n),balanceOf(o,balanceOf_x1_0).
[tether.dl] Iteration#37 BMCInput: bound=5, violationRules=blacklistedTransfer,negativeAllowance,negativeBalance,unauthorizedAddBlackList,unauthorizedDestroyBlackFund,unauthorizedIssue,unauthorizedRedeem,unequalBalance
[BMC] TransitionSystemReady: program=Tether
[BMC] TemporalSpec(state): rule=negativeAllowance, formula=(and (= (select allowance (allowance_keyTuple kv_s kv_p)) kv_n)
     (select allowance__exists (allowance_keyTuple kv_s kv_p))
     (not (<= 0 kv_n))
     (not (= kv_s 0))
     (not (= kv_p 0)))
[BMC] TemporalSpec(state): rule=unequalBalance, formula=(and (= totalBalances kv_s) (= totalSupply kv_n) (not (= kv_s kv_n)))
[BMC] TemporalSpec(state): rule=negativeBalance, formula=(and (= (select balanceOf kv_p) kv_n)
     (select balanceOf__exists kv_p)
     (not (<= 0 kv_n))
     (not (= kv_p 0)))
[BMC] TemporalSpec(state): rule=blacklistedTransfer, formula=(and (= onceBlacklistedTransfer kv_b) kv_b)
[BMC] TemporalSpec(tx): rule=unauthorizedIssue, formula=(and (or (= recv_issue0 1))
     (= owner kv_o)
     (= msgSender kv_s)
     (not (= kv_s kv_o)))
[BMC] TemporalSpec(tx): rule=unauthorizedDestroyBlackFund, formula=(and (or (= recv_destroyBlackFund0 1))
     (= owner kv_o)
     (= msgSender kv_s)
     (not (= kv_s kv_o)))
[BMC] TemporalSpec(tx): rule=unauthorizedAddBlackList, formula=(and (or (= recv_addBlackList0 1))
     (= owner kv_o)
     (= msgSender kv_s)
     (not (= kv_o kv_s)))
[BMC] TemporalSpec(tx): rule=unauthorizedRedeem, formula=(and (or (= recv_redeem0 1))
     (= owner kv_o)
     (= msgSender kv_s)
     (not (= kv_s kv_o)))
[BMC] CheckBound: k=1
[BMC] SolverResult: rule=unauthorizedRedeem, k=1, result=UNSATISFIABLE
[BMC] SolverResult: rule=unauthorizedAddBlackList, k=1, result=UNSATISFIABLE
[BMC] SolverResult: rule=unauthorizedDestroyBlackFund, k=1, result=UNSATISFIABLE
[BMC] SolverResult: rule=unauthorizedIssue, k=1, result=UNSATISFIABLE
[BMC] SolverResult: rule=negativeAllowance, k=1, result=UNSATISFIABLE
[BMC] SolverResult: rule=unequalBalance, k=1, result=UNSATISFIABLE
[BMC] SolverResult: rule=negativeBalance, k=1, result=UNSATISFIABLE
[BMC] SolverResult: rule=blacklistedTransfer, k=1, result=UNSATISFIABLE
[BMC] CheckBound: k=2
[BMC] SolverResult: rule=unauthorizedRedeem, k=2, result=UNSATISFIABLE
[BMC] SolverResult: rule=unauthorizedAddBlackList, k=2, result=UNSATISFIABLE
[BMC] SolverResult: rule=unauthorizedDestroyBlackFund, k=2, result=UNSATISFIABLE
[BMC] SolverResult: rule=unauthorizedIssue, k=2, result=UNSATISFIABLE
[BMC] SolverResult: rule=negativeAllowance, k=2, result=UNSATISFIABLE
[BMC] SolverResult: rule=unequalBalance, k=2, result=UNSATISFIABLE
[BMC] SolverResult: rule=negativeBalance, k=2, result=UNSATISFIABLE
[BMC] SolverResult: rule=blacklistedTransfer, k=2, result=UNSATISFIABLE
[BMC] CheckBound: k=3
[BMC] SolverResult: rule=unauthorizedRedeem, k=3, result=UNSATISFIABLE
[BMC] SolverResult: rule=unauthorizedAddBlackList, k=3, result=UNSATISFIABLE
[BMC] SolverResult: rule=unauthorizedDestroyBlackFund, k=3, result=UNSATISFIABLE
[BMC] SolverResult: rule=unauthorizedIssue, k=3, result=UNSATISFIABLE
[BMC] SolverResult: rule=negativeAllowance, k=3, result=UNSATISFIABLE
[BMC] SolverResult: rule=unequalBalance, k=3, result=UNSATISFIABLE
[BMC] SolverResult: rule=negativeBalance, k=3, result=UNSATISFIABLE
[BMC] SolverResult: rule=blacklistedTransfer, k=3, result=UNSATISFIABLE
[BMC] CheckBound: k=4
[BMC] SolverResult: rule=unauthorizedRedeem, k=4, result=UNSATISFIABLE
[BMC] SolverResult: rule=unauthorizedAddBlackList, k=4, result=UNSATISFIABLE
[BMC] SolverResult: rule=unauthorizedDestroyBlackFund, k=4, result=UNSATISFIABLE
[BMC] SolverResult: rule=unauthorizedIssue, k=4, result=UNSATISFIABLE
[BMC] SolverResult: rule=negativeAllowance, k=4, result=UNSATISFIABLE
[BMC] SolverResult: rule=unequalBalance, k=4, result=UNSATISFIABLE
[BMC] SolverResult: rule=negativeBalance, k=4, result=UNSATISFIABLE
[BMC] SolverResult: rule=blacklistedTransfer, k=4, result=SATISFIABLE
[BMC] CounterexampleFound: rule=blacklistedTransfer, k=4
[BMC] CounterexampleReturned: rule=blacklistedTransfer, k=4
[tether.dl] Iteration#37 Counterexample:
Trace:
[0] constructor(0) [msgSender: 2, value: 0]
[1] recv_issue(address(16),75011) [msgSender: 2, value: 0]
[2] recv_increaseAllowance(address(16),address(14),29344) [msgSender: 15, value: 0]
[3] recv_addBlackList(address(16)) [msgSender: 2, value: 0]
[4] recv_transferFrom(address(16),address(16),address(14),-9048) [msgSender: 15, value: 0]
[tether.dl] Iteration#37 RestrictedSolveStatus: relation=recv_transferFrom, status=SAT
[tether.dl] Iteration#37 ProgramAfterRestrictedSynthesis:
addBlackList(p) :- recv_addBlackList(p),owner(o),msgSender(s),o==s.
destroyBlackFund(p,n) :- msgSender(s),recv_destroyBlackFund(p,n),n<=balanceOf_x1,balanceOf(p,balanceOf_x1),owner(o),s==o.
transfer(s,r,n) :- recv_transfer(s,r,n),isBlackListed(s,isBlackListed_x1),isBlackListed_x1==false.
increaseAllowance(o,s,d) :- recv_increaseAllowance(o,s,d),d>0.
issue(p,n) :- msgSender(s),n>0,recv_issue(p,n),owner(o),s==o.
transferFrom(o,r,s,n) :- allowance(r,s,allowance_x2_1),balanceOf_x1_0>0,n<=allowance_x2_1,recv_transferFrom(o,r,s,n),balanceOf(s,balanceOf_x1_0).
redeem(p,n) :- msgSender(s),recv_redeem(p,n),n<=balanceOf_x1,balanceOf(p,balanceOf_x1),owner(o),s==o.
[tether.dl] Iteration#37 SynthesisResult: updated
[tether.dl] Iteration#38 ProgramBeforeBMC:
addBlackList(p) :- recv_addBlackList(p),owner(o),msgSender(s),o==s.
destroyBlackFund(p,n) :- msgSender(s),recv_destroyBlackFund(p,n),n<=balanceOf_x1,balanceOf(p,balanceOf_x1),owner(o),s==o.
transfer(s,r,n) :- recv_transfer(s,r,n),isBlackListed(s,isBlackListed_x1),isBlackListed_x1==false.
increaseAllowance(o,s,d) :- recv_increaseAllowance(o,s,d),d>0.
issue(p,n) :- msgSender(s),n>0,recv_issue(p,n),owner(o),s==o.
transferFrom(o,r,s,n) :- allowance(r,s,allowance_x2_1),balanceOf_x1_0>0,n<=allowance_x2_1,recv_transferFrom(o,r,s,n),balanceOf(s,balanceOf_x1_0).
redeem(p,n) :- msgSender(s),recv_redeem(p,n),n<=balanceOf_x1,balanceOf(p,balanceOf_x1),owner(o),s==o.
[tether.dl] Iteration#38 BMCInput: bound=5, violationRules=blacklistedTransfer,negativeAllowance,negativeBalance,unauthorizedAddBlackList,unauthorizedDestroyBlackFund,unauthorizedIssue,unauthorizedRedeem,unequalBalance
[BMC] TransitionSystemReady: program=Tether
[BMC] TemporalSpec(state): rule=negativeAllowance, formula=(and (= (select allowance (allowance_keyTuple kv_s kv_p)) kv_n)
     (select allowance__exists (allowance_keyTuple kv_s kv_p))
     (not (<= 0 kv_n))
     (not (= kv_s 0))
     (not (= kv_p 0)))
[BMC] TemporalSpec(state): rule=unequalBalance, formula=(and (= totalBalances kv_s) (= totalSupply kv_n) (not (= kv_s kv_n)))
[BMC] TemporalSpec(state): rule=negativeBalance, formula=(and (= (select balanceOf kv_p) kv_n)
     (select balanceOf__exists kv_p)
     (not (<= 0 kv_n))
     (not (= kv_p 0)))
[BMC] TemporalSpec(state): rule=blacklistedTransfer, formula=(and (= onceBlacklistedTransfer kv_b) kv_b)
[BMC] TemporalSpec(tx): rule=unauthorizedIssue, formula=(and (or (= recv_issue0 1))
     (= owner kv_o)
     (= msgSender kv_s)
     (not (= kv_s kv_o)))
[BMC] TemporalSpec(tx): rule=unauthorizedDestroyBlackFund, formula=(and (or (= recv_destroyBlackFund0 1))
     (= owner kv_o)
     (= msgSender kv_s)
     (not (= kv_s kv_o)))
[BMC] TemporalSpec(tx): rule=unauthorizedAddBlackList, formula=(and (or (= recv_addBlackList0 1))
     (= owner kv_o)
     (= msgSender kv_s)
     (not (= kv_o kv_s)))
[BMC] TemporalSpec(tx): rule=unauthorizedRedeem, formula=(and (or (= recv_redeem0 1))
     (= owner kv_o)
     (= msgSender kv_s)
     (not (= kv_s kv_o)))
[BMC] CheckBound: k=1
[BMC] SolverResult: rule=unauthorizedRedeem, k=1, result=UNSATISFIABLE
[BMC] SolverResult: rule=unauthorizedAddBlackList, k=1, result=UNSATISFIABLE
[BMC] SolverResult: rule=unauthorizedDestroyBlackFund, k=1, result=UNSATISFIABLE
[BMC] SolverResult: rule=unauthorizedIssue, k=1, result=UNSATISFIABLE
[BMC] SolverResult: rule=negativeAllowance, k=1, result=UNSATISFIABLE
[BMC] SolverResult: rule=unequalBalance, k=1, result=UNSATISFIABLE
[BMC] SolverResult: rule=negativeBalance, k=1, result=UNSATISFIABLE
[BMC] SolverResult: rule=blacklistedTransfer, k=1, result=UNSATISFIABLE
[BMC] CheckBound: k=2
[BMC] SolverResult: rule=unauthorizedRedeem, k=2, result=UNSATISFIABLE
[BMC] SolverResult: rule=unauthorizedAddBlackList, k=2, result=UNSATISFIABLE
[BMC] SolverResult: rule=unauthorizedDestroyBlackFund, k=2, result=UNSATISFIABLE
[BMC] SolverResult: rule=unauthorizedIssue, k=2, result=UNSATISFIABLE
[BMC] SolverResult: rule=negativeAllowance, k=2, result=UNSATISFIABLE
[BMC] SolverResult: rule=unequalBalance, k=2, result=UNSATISFIABLE
[BMC] SolverResult: rule=negativeBalance, k=2, result=UNSATISFIABLE
[BMC] SolverResult: rule=blacklistedTransfer, k=2, result=UNSATISFIABLE
[BMC] CheckBound: k=3
[BMC] SolverResult: rule=unauthorizedRedeem, k=3, result=UNSATISFIABLE
[BMC] SolverResult: rule=unauthorizedAddBlackList, k=3, result=UNSATISFIABLE
[BMC] SolverResult: rule=unauthorizedDestroyBlackFund, k=3, result=UNSATISFIABLE
[BMC] SolverResult: rule=unauthorizedIssue, k=3, result=UNSATISFIABLE
[BMC] SolverResult: rule=negativeAllowance, k=3, result=UNSATISFIABLE
[BMC] SolverResult: rule=unequalBalance, k=3, result=UNSATISFIABLE
[BMC] SolverResult: rule=negativeBalance, k=3, result=UNSATISFIABLE
[BMC] SolverResult: rule=blacklistedTransfer, k=3, result=UNSATISFIABLE
[BMC] CheckBound: k=4
[BMC] SolverResult: rule=unauthorizedRedeem, k=4, result=UNSATISFIABLE
[BMC] SolverResult: rule=unauthorizedAddBlackList, k=4, result=UNSATISFIABLE
[BMC] SolverResult: rule=unauthorizedDestroyBlackFund, k=4, result=UNSATISFIABLE
[BMC] SolverResult: rule=unauthorizedIssue, k=4, result=UNSATISFIABLE
[BMC] SolverResult: rule=negativeAllowance, k=4, result=UNSATISFIABLE
[BMC] SolverResult: rule=unequalBalance, k=4, result=UNSATISFIABLE
[BMC] SolverResult: rule=negativeBalance, k=4, result=UNSATISFIABLE
[BMC] SolverResult: rule=blacklistedTransfer, k=4, result=SATISFIABLE
[BMC] CounterexampleFound: rule=blacklistedTransfer, k=4
[BMC] CounterexampleReturned: rule=blacklistedTransfer, k=4
[tether.dl] Iteration#38 Counterexample:
Trace:
[0] constructor(0) [msgSender: 2, value: 0]
[1] recv_addBlackList(address(14)) [msgSender: 2, value: 0]
[2] recv_increaseAllowance(address(14),address(15),240) [msgSender: 16, value: 0]
[3] recv_issue(address(15),42372) [msgSender: 2, value: 0]
[4] recv_transferFrom(address(14),address(14),address(15),-31742) [msgSender: 16, value: 0]
[tether.dl] Iteration#38 RestrictedSolveStatus: relation=recv_transferFrom, status=SAT
[tether.dl] Iteration#38 ProgramAfterRestrictedSynthesis:
addBlackList(p) :- recv_addBlackList(p),owner(o),msgSender(s),o==s.
destroyBlackFund(p,n) :- msgSender(s),recv_destroyBlackFund(p,n),n<=balanceOf_x1,balanceOf(p,balanceOf_x1),owner(o),s==o.
transfer(s,r,n) :- recv_transfer(s,r,n),isBlackListed(s,isBlackListed_x1),isBlackListed_x1==false.
increaseAllowance(o,s,d) :- recv_increaseAllowance(o,s,d),d>0.
issue(p,n) :- msgSender(s),n>0,recv_issue(p,n),owner(o),s==o.
redeem(p,n) :- msgSender(s),recv_redeem(p,n),n<=balanceOf_x1,balanceOf(p,balanceOf_x1),owner(o),s==o.
transferFrom(o,r,s,n) :- n>0,balanceOf(o,balanceOf_x1_1),n<=allowance_x2_2,recv_transferFrom(o,r,s,n),balanceOf_x1_1>0,allowance(r,s,allowance_x2_2).
[tether.dl] Iteration#38 SynthesisResult: updated
[tether.dl] Iteration#39 ProgramBeforeBMC:
addBlackList(p) :- recv_addBlackList(p),owner(o),msgSender(s),o==s.
destroyBlackFund(p,n) :- msgSender(s),recv_destroyBlackFund(p,n),n<=balanceOf_x1,balanceOf(p,balanceOf_x1),owner(o),s==o.
transfer(s,r,n) :- recv_transfer(s,r,n),isBlackListed(s,isBlackListed_x1),isBlackListed_x1==false.
increaseAllowance(o,s,d) :- recv_increaseAllowance(o,s,d),d>0.
issue(p,n) :- msgSender(s),n>0,recv_issue(p,n),owner(o),s==o.
redeem(p,n) :- msgSender(s),recv_redeem(p,n),n<=balanceOf_x1,balanceOf(p,balanceOf_x1),owner(o),s==o.
transferFrom(o,r,s,n) :- n>0,balanceOf(o,balanceOf_x1_1),n<=allowance_x2_2,recv_transferFrom(o,r,s,n),balanceOf_x1_1>0,allowance(r,s,allowance_x2_2).
[tether.dl] Iteration#39 BMCInput: bound=5, violationRules=blacklistedTransfer,negativeAllowance,negativeBalance,unauthorizedAddBlackList,unauthorizedDestroyBlackFund,unauthorizedIssue,unauthorizedRedeem,unequalBalance
[BMC] TransitionSystemReady: program=Tether
[BMC] TemporalSpec(state): rule=negativeAllowance, formula=(and (= (select allowance (allowance_keyTuple kv_s kv_p)) kv_n)
     (select allowance__exists (allowance_keyTuple kv_s kv_p))
     (not (<= 0 kv_n))
     (not (= kv_s 0))
     (not (= kv_p 0)))
[BMC] TemporalSpec(state): rule=unequalBalance, formula=(and (= totalBalances kv_s) (= totalSupply kv_n) (not (= kv_s kv_n)))
[BMC] TemporalSpec(state): rule=negativeBalance, formula=(and (= (select balanceOf kv_p) kv_n)
     (select balanceOf__exists kv_p)
     (not (<= 0 kv_n))
     (not (= kv_p 0)))
[BMC] TemporalSpec(state): rule=blacklistedTransfer, formula=(and (= onceBlacklistedTransfer kv_b) kv_b)
[BMC] TemporalSpec(tx): rule=unauthorizedIssue, formula=(and (or (= recv_issue0 1))
     (= owner kv_o)
     (= msgSender kv_s)
     (not (= kv_s kv_o)))
[BMC] TemporalSpec(tx): rule=unauthorizedDestroyBlackFund, formula=(and (or (= recv_destroyBlackFund0 1))
     (= owner kv_o)
     (= msgSender kv_s)
     (not (= kv_s kv_o)))
[BMC] TemporalSpec(tx): rule=unauthorizedAddBlackList, formula=(and (or (= recv_addBlackList0 1))
     (= owner kv_o)
     (= msgSender kv_s)
     (not (= kv_o kv_s)))
[BMC] TemporalSpec(tx): rule=unauthorizedRedeem, formula=(and (or (= recv_redeem0 1))
     (= owner kv_o)
     (= msgSender kv_s)
     (not (= kv_s kv_o)))
[BMC] CheckBound: k=1
[BMC] SolverResult: rule=unauthorizedRedeem, k=1, result=UNSATISFIABLE
[BMC] SolverResult: rule=unauthorizedAddBlackList, k=1, result=UNSATISFIABLE
[BMC] SolverResult: rule=unauthorizedDestroyBlackFund, k=1, result=UNSATISFIABLE
[BMC] SolverResult: rule=unauthorizedIssue, k=1, result=UNSATISFIABLE
[BMC] SolverResult: rule=negativeAllowance, k=1, result=UNSATISFIABLE
[BMC] SolverResult: rule=unequalBalance, k=1, result=UNSATISFIABLE
[BMC] SolverResult: rule=negativeBalance, k=1, result=UNSATISFIABLE
[BMC] SolverResult: rule=blacklistedTransfer, k=1, result=UNSATISFIABLE
[BMC] CheckBound: k=2
[BMC] SolverResult: rule=unauthorizedRedeem, k=2, result=UNSATISFIABLE
[BMC] SolverResult: rule=unauthorizedAddBlackList, k=2, result=UNSATISFIABLE
[BMC] SolverResult: rule=unauthorizedDestroyBlackFund, k=2, result=UNSATISFIABLE
[BMC] SolverResult: rule=unauthorizedIssue, k=2, result=UNSATISFIABLE
[BMC] SolverResult: rule=negativeAllowance, k=2, result=UNSATISFIABLE
[BMC] SolverResult: rule=unequalBalance, k=2, result=UNSATISFIABLE
[BMC] SolverResult: rule=negativeBalance, k=2, result=UNSATISFIABLE
[BMC] SolverResult: rule=blacklistedTransfer, k=2, result=UNSATISFIABLE
[BMC] CheckBound: k=3
[BMC] SolverResult: rule=unauthorizedRedeem, k=3, result=UNSATISFIABLE
[BMC] SolverResult: rule=unauthorizedAddBlackList, k=3, result=UNSATISFIABLE
[BMC] SolverResult: rule=unauthorizedDestroyBlackFund, k=3, result=UNSATISFIABLE
[BMC] SolverResult: rule=unauthorizedIssue, k=3, result=UNSATISFIABLE
[BMC] SolverResult: rule=negativeAllowance, k=3, result=UNSATISFIABLE
[BMC] SolverResult: rule=unequalBalance, k=3, result=UNSATISFIABLE
[BMC] SolverResult: rule=negativeBalance, k=3, result=UNSATISFIABLE
[BMC] SolverResult: rule=blacklistedTransfer, k=3, result=UNSATISFIABLE
[BMC] CheckBound: k=4
[BMC] SolverResult: rule=unauthorizedRedeem, k=4, result=UNSATISFIABLE
[BMC] SolverResult: rule=unauthorizedAddBlackList, k=4, result=UNSATISFIABLE
[BMC] SolverResult: rule=unauthorizedDestroyBlackFund, k=4, result=UNSATISFIABLE
[BMC] SolverResult: rule=unauthorizedIssue, k=4, result=UNSATISFIABLE
[BMC] SolverResult: rule=negativeAllowance, k=4, result=UNSATISFIABLE
[BMC] SolverResult: rule=unequalBalance, k=4, result=UNSATISFIABLE
[BMC] SolverResult: rule=negativeBalance, k=4, result=UNSATISFIABLE
[BMC] SolverResult: rule=blacklistedTransfer, k=4, result=SATISFIABLE
[BMC] CounterexampleFound: rule=blacklistedTransfer, k=4
[BMC] CounterexampleReturned: rule=blacklistedTransfer, k=4
[tether.dl] Iteration#39 Counterexample:
Trace:
[0] constructor(0) [msgSender: 7, value: 0]
[1] recv_addBlackList(address(17)) [msgSender: 7, value: 0]
[2] recv_issue(address(17),8573) [msgSender: 7, value: 0]
[3] recv_increaseAllowance(address(17),address(12),18748) [msgSender: 13, value: 0]
[4] recv_transferFrom(address(17),address(17),address(12),16760) [msgSender: 13, value: 0]
[tether.dl] Iteration#39 RestrictedSolveStatus: relation=recv_transferFrom, status=SAT
[tether.dl] Iteration#39 ProgramAfterRestrictedSynthesis:
addBlackList(p) :- recv_addBlackList(p),owner(o),msgSender(s),o==s.
destroyBlackFund(p,n) :- msgSender(s),recv_destroyBlackFund(p,n),n<=balanceOf_x1,balanceOf(p,balanceOf_x1),owner(o),s==o.
transfer(s,r,n) :- recv_transfer(s,r,n),isBlackListed(s,isBlackListed_x1),isBlackListed_x1==false.
issue(p,n) :- msgSender(s),n>0,recv_issue(p,n),owner(o),s==o.
redeem(p,n) :- msgSender(s),recv_redeem(p,n),n<=balanceOf_x1,balanceOf(p,balanceOf_x1),owner(o),s==o.
increaseAllowance(o,s,d) :- recv_increaseAllowance(o,s,d),d>0.
transferFrom(o,r,s,n) :- n>0,balanceOf(s,balanceOf_x1_1),n<=allowance_x2_2,recv_transferFrom(o,r,s,n),balanceOf_x1_1>0,allowance(r,s,allowance_x2_2).
[tether.dl] Iteration#39 SynthesisResult: updated
[tether.dl] Iteration#40 ProgramBeforeBMC:
addBlackList(p) :- recv_addBlackList(p),owner(o),msgSender(s),o==s.
destroyBlackFund(p,n) :- msgSender(s),recv_destroyBlackFund(p,n),n<=balanceOf_x1,balanceOf(p,balanceOf_x1),owner(o),s==o.
transfer(s,r,n) :- recv_transfer(s,r,n),isBlackListed(s,isBlackListed_x1),isBlackListed_x1==false.
issue(p,n) :- msgSender(s),n>0,recv_issue(p,n),owner(o),s==o.
redeem(p,n) :- msgSender(s),recv_redeem(p,n),n<=balanceOf_x1,balanceOf(p,balanceOf_x1),owner(o),s==o.
increaseAllowance(o,s,d) :- recv_increaseAllowance(o,s,d),d>0.
transferFrom(o,r,s,n) :- n>0,balanceOf(s,balanceOf_x1_1),n<=allowance_x2_2,recv_transferFrom(o,r,s,n),balanceOf_x1_1>0,allowance(r,s,allowance_x2_2).
[tether.dl] Iteration#40 BMCInput: bound=5, violationRules=blacklistedTransfer,negativeAllowance,negativeBalance,unauthorizedAddBlackList,unauthorizedDestroyBlackFund,unauthorizedIssue,unauthorizedRedeem,unequalBalance
[BMC] TransitionSystemReady: program=Tether
[BMC] TemporalSpec(state): rule=negativeAllowance, formula=(and (= (select allowance (allowance_keyTuple kv_s kv_p)) kv_n)
     (select allowance__exists (allowance_keyTuple kv_s kv_p))
     (not (<= 0 kv_n))
     (not (= kv_s 0))
     (not (= kv_p 0)))
[BMC] TemporalSpec(state): rule=unequalBalance, formula=(and (= totalBalances kv_s) (= totalSupply kv_n) (not (= kv_s kv_n)))
[BMC] TemporalSpec(state): rule=negativeBalance, formula=(and (= (select balanceOf kv_p) kv_n)
     (select balanceOf__exists kv_p)
     (not (<= 0 kv_n))
     (not (= kv_p 0)))
[BMC] TemporalSpec(state): rule=blacklistedTransfer, formula=(and (= onceBlacklistedTransfer kv_b) kv_b)
[BMC] TemporalSpec(tx): rule=unauthorizedIssue, formula=(and (or (= recv_issue0 1))
     (= owner kv_o)
     (= msgSender kv_s)
     (not (= kv_s kv_o)))
[BMC] TemporalSpec(tx): rule=unauthorizedDestroyBlackFund, formula=(and (or (= recv_destroyBlackFund0 1))
     (= owner kv_o)
     (= msgSender kv_s)
     (not (= kv_s kv_o)))
[BMC] TemporalSpec(tx): rule=unauthorizedAddBlackList, formula=(and (or (= recv_addBlackList0 1))
     (= owner kv_o)
     (= msgSender kv_s)
     (not (= kv_o kv_s)))
[BMC] TemporalSpec(tx): rule=unauthorizedRedeem, formula=(and (or (= recv_redeem0 1))
     (= owner kv_o)
     (= msgSender kv_s)
     (not (= kv_s kv_o)))
[BMC] CheckBound: k=1
[BMC] SolverResult: rule=unauthorizedRedeem, k=1, result=UNSATISFIABLE
[BMC] SolverResult: rule=unauthorizedAddBlackList, k=1, result=UNSATISFIABLE
[BMC] SolverResult: rule=unauthorizedDestroyBlackFund, k=1, result=UNSATISFIABLE
[BMC] SolverResult: rule=unauthorizedIssue, k=1, result=UNSATISFIABLE
[BMC] SolverResult: rule=negativeAllowance, k=1, result=UNSATISFIABLE
[BMC] SolverResult: rule=unequalBalance, k=1, result=UNSATISFIABLE
[BMC] SolverResult: rule=negativeBalance, k=1, result=UNSATISFIABLE
[BMC] SolverResult: rule=blacklistedTransfer, k=1, result=UNSATISFIABLE
[BMC] CheckBound: k=2
[BMC] SolverResult: rule=unauthorizedRedeem, k=2, result=UNSATISFIABLE
[BMC] SolverResult: rule=unauthorizedAddBlackList, k=2, result=UNSATISFIABLE
[BMC] SolverResult: rule=unauthorizedDestroyBlackFund, k=2, result=UNSATISFIABLE
[BMC] SolverResult: rule=unauthorizedIssue, k=2, result=UNSATISFIABLE
[BMC] SolverResult: rule=negativeAllowance, k=2, result=UNSATISFIABLE
[BMC] SolverResult: rule=unequalBalance, k=2, result=UNSATISFIABLE
[BMC] SolverResult: rule=negativeBalance, k=2, result=UNSATISFIABLE
[BMC] SolverResult: rule=blacklistedTransfer, k=2, result=UNSATISFIABLE
[BMC] CheckBound: k=3
[BMC] SolverResult: rule=unauthorizedRedeem, k=3, result=UNSATISFIABLE
[BMC] SolverResult: rule=unauthorizedAddBlackList, k=3, result=UNSATISFIABLE
[BMC] SolverResult: rule=unauthorizedDestroyBlackFund, k=3, result=UNSATISFIABLE
[BMC] SolverResult: rule=unauthorizedIssue, k=3, result=UNSATISFIABLE
[BMC] SolverResult: rule=negativeAllowance, k=3, result=UNSATISFIABLE
[BMC] SolverResult: rule=unequalBalance, k=3, result=UNSATISFIABLE
[BMC] SolverResult: rule=negativeBalance, k=3, result=UNSATISFIABLE
[BMC] SolverResult: rule=blacklistedTransfer, k=3, result=UNSATISFIABLE
[BMC] CheckBound: k=4
[BMC] SolverResult: rule=unauthorizedRedeem, k=4, result=UNSATISFIABLE
[BMC] SolverResult: rule=unauthorizedAddBlackList, k=4, result=UNSATISFIABLE
[BMC] SolverResult: rule=unauthorizedDestroyBlackFund, k=4, result=UNSATISFIABLE
[BMC] SolverResult: rule=unauthorizedIssue, k=4, result=UNSATISFIABLE
[BMC] SolverResult: rule=negativeAllowance, k=4, result=UNSATISFIABLE
[BMC] SolverResult: rule=unequalBalance, k=4, result=UNSATISFIABLE
[BMC] SolverResult: rule=negativeBalance, k=4, result=UNSATISFIABLE
[BMC] SolverResult: rule=blacklistedTransfer, k=4, result=SATISFIABLE
[BMC] CounterexampleFound: rule=blacklistedTransfer, k=4
[BMC] CounterexampleReturned: rule=blacklistedTransfer, k=4
[tether.dl] Iteration#40 Counterexample:
Trace:
[0] constructor(0) [msgSender: 6, value: 0]
[1] recv_addBlackList(address(6)) [msgSender: 6, value: 0]
[2] recv_issue(address(11),15538) [msgSender: 6, value: 0]
[3] recv_increaseAllowance(address(6),address(11),26793) [msgSender: 12, value: 0]
[4] recv_transferFrom(address(6),address(6),address(11),20823) [msgSender: 12, value: 0]
[tether.dl] Iteration#40 RestrictedSolveStatus: relation=recv_transferFrom, status=SAT
[tether.dl] Iteration#40 ProgramAfterRestrictedSynthesis:
addBlackList(p) :- recv_addBlackList(p),owner(o),msgSender(s),o==s.
destroyBlackFund(p,n) :- msgSender(s),recv_destroyBlackFund(p,n),n<=balanceOf_x1,balanceOf(p,balanceOf_x1),owner(o),s==o.
transfer(s,r,n) :- recv_transfer(s,r,n),isBlackListed(s,isBlackListed_x1),isBlackListed_x1==false.
increaseAllowance(o,s,d) :- recv_increaseAllowance(o,s,d),d>0.
issue(p,n) :- msgSender(s),n>0,recv_issue(p,n),owner(o),s==o.
redeem(p,n) :- msgSender(s),recv_redeem(p,n),n<=balanceOf_x1,balanceOf(p,balanceOf_x1),owner(o),s==o.
transferFrom(o,r,s,n) :- n>0,balanceOf(s,balanceOf_x1_1),n<=allowance_x2_2,n<=balanceOf_x1_1,recv_transferFrom(o,r,s,n),allowance(r,s,allowance_x2_2).
[tether.dl] Iteration#40 SynthesisResult: updated
[tether.dl] Iteration#41 ProgramBeforeBMC:
addBlackList(p) :- recv_addBlackList(p),owner(o),msgSender(s),o==s.
destroyBlackFund(p,n) :- msgSender(s),recv_destroyBlackFund(p,n),n<=balanceOf_x1,balanceOf(p,balanceOf_x1),owner(o),s==o.
transfer(s,r,n) :- recv_transfer(s,r,n),isBlackListed(s,isBlackListed_x1),isBlackListed_x1==false.
increaseAllowance(o,s,d) :- recv_increaseAllowance(o,s,d),d>0.
issue(p,n) :- msgSender(s),n>0,recv_issue(p,n),owner(o),s==o.
redeem(p,n) :- msgSender(s),recv_redeem(p,n),n<=balanceOf_x1,balanceOf(p,balanceOf_x1),owner(o),s==o.
transferFrom(o,r,s,n) :- n>0,balanceOf(s,balanceOf_x1_1),n<=allowance_x2_2,n<=balanceOf_x1_1,recv_transferFrom(o,r,s,n),allowance(r,s,allowance_x2_2).
[tether.dl] Iteration#41 BMCInput: bound=5, violationRules=blacklistedTransfer,negativeAllowance,negativeBalance,unauthorizedAddBlackList,unauthorizedDestroyBlackFund,unauthorizedIssue,unauthorizedRedeem,unequalBalance
[BMC] TransitionSystemReady: program=Tether
[BMC] TemporalSpec(state): rule=negativeAllowance, formula=(and (= (select allowance (allowance_keyTuple kv_s kv_p)) kv_n)
     (select allowance__exists (allowance_keyTuple kv_s kv_p))
     (not (<= 0 kv_n))
     (not (= kv_s 0))
     (not (= kv_p 0)))
[BMC] TemporalSpec(state): rule=unequalBalance, formula=(and (= totalBalances kv_s) (= totalSupply kv_n) (not (= kv_s kv_n)))
[BMC] TemporalSpec(state): rule=negativeBalance, formula=(and (= (select balanceOf kv_p) kv_n)
     (select balanceOf__exists kv_p)
     (not (<= 0 kv_n))
     (not (= kv_p 0)))
[BMC] TemporalSpec(state): rule=blacklistedTransfer, formula=(and (= onceBlacklistedTransfer kv_b) kv_b)
[BMC] TemporalSpec(tx): rule=unauthorizedIssue, formula=(and (or (= recv_issue0 1))
     (= owner kv_o)
     (= msgSender kv_s)
     (not (= kv_s kv_o)))
[BMC] TemporalSpec(tx): rule=unauthorizedDestroyBlackFund, formula=(and (or (= recv_destroyBlackFund0 1))
     (= owner kv_o)
     (= msgSender kv_s)
     (not (= kv_s kv_o)))
[BMC] TemporalSpec(tx): rule=unauthorizedAddBlackList, formula=(and (or (= recv_addBlackList0 1))
     (= owner kv_o)
     (= msgSender kv_s)
     (not (= kv_o kv_s)))
[BMC] TemporalSpec(tx): rule=unauthorizedRedeem, formula=(and (or (= recv_redeem0 1))
     (= owner kv_o)
     (= msgSender kv_s)
     (not (= kv_s kv_o)))
[BMC] CheckBound: k=1
[BMC] SolverResult: rule=unauthorizedRedeem, k=1, result=UNSATISFIABLE
[BMC] SolverResult: rule=unauthorizedAddBlackList, k=1, result=UNSATISFIABLE
[BMC] SolverResult: rule=unauthorizedDestroyBlackFund, k=1, result=UNSATISFIABLE
[BMC] SolverResult: rule=unauthorizedIssue, k=1, result=UNSATISFIABLE
[BMC] SolverResult: rule=negativeAllowance, k=1, result=UNSATISFIABLE
[BMC] SolverResult: rule=unequalBalance, k=1, result=UNSATISFIABLE
[BMC] SolverResult: rule=negativeBalance, k=1, result=UNSATISFIABLE
[BMC] SolverResult: rule=blacklistedTransfer, k=1, result=UNSATISFIABLE
[BMC] CheckBound: k=2
[BMC] SolverResult: rule=unauthorizedRedeem, k=2, result=UNSATISFIABLE
[BMC] SolverResult: rule=unauthorizedAddBlackList, k=2, result=UNSATISFIABLE
[BMC] SolverResult: rule=unauthorizedDestroyBlackFund, k=2, result=UNSATISFIABLE
[BMC] SolverResult: rule=unauthorizedIssue, k=2, result=UNSATISFIABLE
[BMC] SolverResult: rule=negativeAllowance, k=2, result=UNSATISFIABLE
[BMC] SolverResult: rule=unequalBalance, k=2, result=UNSATISFIABLE
[BMC] SolverResult: rule=negativeBalance, k=2, result=UNSATISFIABLE
[BMC] SolverResult: rule=blacklistedTransfer, k=2, result=UNSATISFIABLE
[BMC] CheckBound: k=3
[BMC] SolverResult: rule=unauthorizedRedeem, k=3, result=UNSATISFIABLE
[BMC] SolverResult: rule=unauthorizedAddBlackList, k=3, result=UNSATISFIABLE
[BMC] SolverResult: rule=unauthorizedDestroyBlackFund, k=3, result=UNSATISFIABLE
[BMC] SolverResult: rule=unauthorizedIssue, k=3, result=UNSATISFIABLE
[BMC] SolverResult: rule=negativeAllowance, k=3, result=UNSATISFIABLE
[BMC] SolverResult: rule=unequalBalance, k=3, result=UNSATISFIABLE
[BMC] SolverResult: rule=negativeBalance, k=3, result=UNSATISFIABLE
[BMC] SolverResult: rule=blacklistedTransfer, k=3, result=UNSATISFIABLE
[BMC] CheckBound: k=4
[BMC] SolverResult: rule=unauthorizedRedeem, k=4, result=UNSATISFIABLE
[BMC] SolverResult: rule=unauthorizedAddBlackList, k=4, result=UNSATISFIABLE
[BMC] SolverResult: rule=unauthorizedDestroyBlackFund, k=4, result=UNSATISFIABLE
[BMC] SolverResult: rule=unauthorizedIssue, k=4, result=UNSATISFIABLE
[BMC] SolverResult: rule=negativeAllowance, k=4, result=UNSATISFIABLE
[BMC] SolverResult: rule=unequalBalance, k=4, result=UNSATISFIABLE
[BMC] SolverResult: rule=negativeBalance, k=4, result=UNSATISFIABLE
[BMC] SolverResult: rule=blacklistedTransfer, k=4, result=SATISFIABLE
[BMC] CounterexampleFound: rule=blacklistedTransfer, k=4
[BMC] CounterexampleReturned: rule=blacklistedTransfer, k=4
[tether.dl] Iteration#41 Counterexample:
Trace:
[0] constructor(0) [msgSender: 2, value: 0]
[1] recv_addBlackList(address(8)) [msgSender: 2, value: 0]
[2] recv_issue(address(16),52255) [msgSender: 2, value: 0]
[3] recv_increaseAllowance(address(8),address(16),10233) [msgSender: 17, value: 0]
[4] recv_transferFrom(address(8),address(8),address(16),10114) [msgSender: 17, value: 0]
[tether.dl] Iteration#41 RestrictedSolveStatus: relation=recv_transferFrom, status=SAT
[tether.dl] Iteration#41 ProgramAfterRestrictedSynthesis:
addBlackList(p) :- recv_addBlackList(p),owner(o),msgSender(s),o==s.
destroyBlackFund(p,n) :- msgSender(s),recv_destroyBlackFund(p,n),n<=balanceOf_x1,balanceOf(p,balanceOf_x1),owner(o),s==o.
transfer(s,r,n) :- recv_transfer(s,r,n),isBlackListed(s,isBlackListed_x1),isBlackListed_x1==false.
increaseAllowance(o,s,d) :- recv_increaseAllowance(o,s,d),d>0.
issue(p,n) :- msgSender(s),n>0,recv_issue(p,n),owner(o),s==o.
redeem(p,n) :- msgSender(s),recv_redeem(p,n),n<=balanceOf_x1,balanceOf(p,balanceOf_x1),owner(o),s==o.
transferFrom(o,r,s,n) :- n>0,n<=allowance_x2_2,n<balanceOf_x1_1,recv_transferFrom(o,r,s,n),balanceOf(r,balanceOf_x1_1),allowance(r,s,allowance_x2_2).
[tether.dl] Iteration#41 SynthesisResult: updated
[tether.dl] Iteration#42 ProgramBeforeBMC:
addBlackList(p) :- recv_addBlackList(p),owner(o),msgSender(s),o==s.
destroyBlackFund(p,n) :- msgSender(s),recv_destroyBlackFund(p,n),n<=balanceOf_x1,balanceOf(p,balanceOf_x1),owner(o),s==o.
transfer(s,r,n) :- recv_transfer(s,r,n),isBlackListed(s,isBlackListed_x1),isBlackListed_x1==false.
increaseAllowance(o,s,d) :- recv_increaseAllowance(o,s,d),d>0.
issue(p,n) :- msgSender(s),n>0,recv_issue(p,n),owner(o),s==o.
redeem(p,n) :- msgSender(s),recv_redeem(p,n),n<=balanceOf_x1,balanceOf(p,balanceOf_x1),owner(o),s==o.
transferFrom(o,r,s,n) :- n>0,n<=allowance_x2_2,n<balanceOf_x1_1,recv_transferFrom(o,r,s,n),balanceOf(r,balanceOf_x1_1),allowance(r,s,allowance_x2_2).
[tether.dl] Iteration#42 BMCInput: bound=5, violationRules=blacklistedTransfer,negativeAllowance,negativeBalance,unauthorizedAddBlackList,unauthorizedDestroyBlackFund,unauthorizedIssue,unauthorizedRedeem,unequalBalance
[BMC] TransitionSystemReady: program=Tether
[BMC] TemporalSpec(state): rule=negativeAllowance, formula=(and (= (select allowance (allowance_keyTuple kv_s kv_p)) kv_n)
     (select allowance__exists (allowance_keyTuple kv_s kv_p))
     (not (<= 0 kv_n))
     (not (= kv_s 0))
     (not (= kv_p 0)))
[BMC] TemporalSpec(state): rule=unequalBalance, formula=(and (= totalBalances kv_s) (= totalSupply kv_n) (not (= kv_s kv_n)))
[BMC] TemporalSpec(state): rule=negativeBalance, formula=(and (= (select balanceOf kv_p) kv_n)
     (select balanceOf__exists kv_p)
     (not (<= 0 kv_n))
     (not (= kv_p 0)))
[BMC] TemporalSpec(state): rule=blacklistedTransfer, formula=(and (= onceBlacklistedTransfer kv_b) kv_b)
[BMC] TemporalSpec(tx): rule=unauthorizedIssue, formula=(and (or (= recv_issue0 1))
     (= owner kv_o)
     (= msgSender kv_s)
     (not (= kv_s kv_o)))
[BMC] TemporalSpec(tx): rule=unauthorizedDestroyBlackFund, formula=(and (or (= recv_destroyBlackFund0 1))
     (= owner kv_o)
     (= msgSender kv_s)
     (not (= kv_s kv_o)))
[BMC] TemporalSpec(tx): rule=unauthorizedAddBlackList, formula=(and (or (= recv_addBlackList0 1))
     (= owner kv_o)
     (= msgSender kv_s)
     (not (= kv_o kv_s)))
[BMC] TemporalSpec(tx): rule=unauthorizedRedeem, formula=(and (or (= recv_redeem0 1))
     (= owner kv_o)
     (= msgSender kv_s)
     (not (= kv_s kv_o)))
[BMC] CheckBound: k=1
[BMC] SolverResult: rule=unauthorizedRedeem, k=1, result=UNSATISFIABLE
[BMC] SolverResult: rule=unauthorizedAddBlackList, k=1, result=UNSATISFIABLE
[BMC] SolverResult: rule=unauthorizedDestroyBlackFund, k=1, result=UNSATISFIABLE
[BMC] SolverResult: rule=unauthorizedIssue, k=1, result=UNSATISFIABLE
[BMC] SolverResult: rule=negativeAllowance, k=1, result=UNSATISFIABLE
[BMC] SolverResult: rule=unequalBalance, k=1, result=UNSATISFIABLE
[BMC] SolverResult: rule=negativeBalance, k=1, result=UNSATISFIABLE
[BMC] SolverResult: rule=blacklistedTransfer, k=1, result=UNSATISFIABLE
[BMC] CheckBound: k=2
[BMC] SolverResult: rule=unauthorizedRedeem, k=2, result=UNSATISFIABLE
[BMC] SolverResult: rule=unauthorizedAddBlackList, k=2, result=UNSATISFIABLE
[BMC] SolverResult: rule=unauthorizedDestroyBlackFund, k=2, result=UNSATISFIABLE
[BMC] SolverResult: rule=unauthorizedIssue, k=2, result=UNSATISFIABLE
[BMC] SolverResult: rule=negativeAllowance, k=2, result=UNSATISFIABLE
[BMC] SolverResult: rule=unequalBalance, k=2, result=UNSATISFIABLE
[BMC] SolverResult: rule=negativeBalance, k=2, result=UNSATISFIABLE
[BMC] SolverResult: rule=blacklistedTransfer, k=2, result=UNSATISFIABLE
[BMC] CheckBound: k=3
[BMC] SolverResult: rule=unauthorizedRedeem, k=3, result=UNSATISFIABLE
[BMC] SolverResult: rule=unauthorizedAddBlackList, k=3, result=UNSATISFIABLE
[BMC] SolverResult: rule=unauthorizedDestroyBlackFund, k=3, result=UNSATISFIABLE
[BMC] SolverResult: rule=unauthorizedIssue, k=3, result=UNSATISFIABLE
[BMC] SolverResult: rule=negativeAllowance, k=3, result=UNSATISFIABLE
[BMC] SolverResult: rule=unequalBalance, k=3, result=UNSATISFIABLE
[BMC] SolverResult: rule=negativeBalance, k=3, result=UNSATISFIABLE
[BMC] SolverResult: rule=blacklistedTransfer, k=3, result=UNSATISFIABLE
[BMC] CheckBound: k=4
[BMC] SolverResult: rule=unauthorizedRedeem, k=4, result=UNSATISFIABLE
[BMC] SolverResult: rule=unauthorizedAddBlackList, k=4, result=UNSATISFIABLE
[BMC] SolverResult: rule=unauthorizedDestroyBlackFund, k=4, result=UNSATISFIABLE
[BMC] SolverResult: rule=unauthorizedIssue, k=4, result=UNSATISFIABLE
[BMC] SolverResult: rule=negativeAllowance, k=4, result=UNSATISFIABLE
[BMC] SolverResult: rule=unequalBalance, k=4, result=UNSATISFIABLE
[BMC] SolverResult: rule=negativeBalance, k=4, result=UNSATISFIABLE
[BMC] SolverResult: rule=blacklistedTransfer, k=4, result=SATISFIABLE
[BMC] CounterexampleFound: rule=blacklistedTransfer, k=4
[BMC] CounterexampleReturned: rule=blacklistedTransfer, k=4
[tether.dl] Iteration#42 Counterexample:
Trace:
[0] constructor(0) [msgSender: 9, value: 0]
[1] recv_increaseAllowance(address(19),address(17),31912) [msgSender: 9, value: 0]
[2] recv_issue(address(19),90751) [msgSender: 9, value: 0]
[3] recv_addBlackList(address(19)) [msgSender: 9, value: 0]
[4] recv_transferFrom(address(19),address(19),address(17),16494) [msgSender: 18, value: 0]
[tether.dl] Iteration#42 RestrictedSolveStatus: relation=recv_transferFrom, status=SAT
[tether.dl] Iteration#42 ProgramAfterRestrictedSynthesis:
addBlackList(p) :- recv_addBlackList(p),owner(o),msgSender(s),o==s.
transferFrom(o,r,s,n) :- n>0,n<allowance_x2_2,n<balanceOf_x1_1,recv_transferFrom(o,r,s,n),balanceOf(r,balanceOf_x1_1),allowance(o,r,allowance_x2_2).
destroyBlackFund(p,n) :- msgSender(s),recv_destroyBlackFund(p,n),n<=balanceOf_x1,balanceOf(p,balanceOf_x1),owner(o),s==o.
transfer(s,r,n) :- recv_transfer(s,r,n),isBlackListed(s,isBlackListed_x1),isBlackListed_x1==false.
increaseAllowance(o,s,d) :- recv_increaseAllowance(o,s,d),d>0.
issue(p,n) :- msgSender(s),n>0,recv_issue(p,n),owner(o),s==o.
redeem(p,n) :- msgSender(s),recv_redeem(p,n),n<=balanceOf_x1,balanceOf(p,balanceOf_x1),owner(o),s==o.
[tether.dl] Iteration#42 SynthesisResult: updated
[tether.dl] Iteration#43 ProgramBeforeBMC:
addBlackList(p) :- recv_addBlackList(p),owner(o),msgSender(s),o==s.
transferFrom(o,r,s,n) :- n>0,n<allowance_x2_2,n<balanceOf_x1_1,recv_transferFrom(o,r,s,n),balanceOf(r,balanceOf_x1_1),allowance(o,r,allowance_x2_2).
destroyBlackFund(p,n) :- msgSender(s),recv_destroyBlackFund(p,n),n<=balanceOf_x1,balanceOf(p,balanceOf_x1),owner(o),s==o.
transfer(s,r,n) :- recv_transfer(s,r,n),isBlackListed(s,isBlackListed_x1),isBlackListed_x1==false.
increaseAllowance(o,s,d) :- recv_increaseAllowance(o,s,d),d>0.
issue(p,n) :- msgSender(s),n>0,recv_issue(p,n),owner(o),s==o.
redeem(p,n) :- msgSender(s),recv_redeem(p,n),n<=balanceOf_x1,balanceOf(p,balanceOf_x1),owner(o),s==o.
[tether.dl] Iteration#43 BMCInput: bound=5, violationRules=blacklistedTransfer,negativeAllowance,negativeBalance,unauthorizedAddBlackList,unauthorizedDestroyBlackFund,unauthorizedIssue,unauthorizedRedeem,unequalBalance
[BMC] TransitionSystemReady: program=Tether
[BMC] TemporalSpec(state): rule=negativeAllowance, formula=(and (= (select allowance (allowance_keyTuple kv_s kv_p)) kv_n)
     (select allowance__exists (allowance_keyTuple kv_s kv_p))
     (not (<= 0 kv_n))
     (not (= kv_s 0))
     (not (= kv_p 0)))
[BMC] TemporalSpec(state): rule=unequalBalance, formula=(and (= totalBalances kv_s) (= totalSupply kv_n) (not (= kv_s kv_n)))
[BMC] TemporalSpec(state): rule=negativeBalance, formula=(and (= (select balanceOf kv_p) kv_n)
     (select balanceOf__exists kv_p)
     (not (<= 0 kv_n))
     (not (= kv_p 0)))
[BMC] TemporalSpec(state): rule=blacklistedTransfer, formula=(and (= onceBlacklistedTransfer kv_b) kv_b)
[BMC] TemporalSpec(tx): rule=unauthorizedIssue, formula=(and (or (= recv_issue0 1))
     (= owner kv_o)
     (= msgSender kv_s)
     (not (= kv_s kv_o)))
[BMC] TemporalSpec(tx): rule=unauthorizedDestroyBlackFund, formula=(and (or (= recv_destroyBlackFund0 1))
     (= owner kv_o)
     (= msgSender kv_s)
     (not (= kv_s kv_o)))
[BMC] TemporalSpec(tx): rule=unauthorizedAddBlackList, formula=(and (or (= recv_addBlackList0 1))
     (= owner kv_o)
     (= msgSender kv_s)
     (not (= kv_o kv_s)))
[BMC] TemporalSpec(tx): rule=unauthorizedRedeem, formula=(and (or (= recv_redeem0 1))
     (= owner kv_o)
     (= msgSender kv_s)
     (not (= kv_s kv_o)))
[BMC] CheckBound: k=1
[BMC] SolverResult: rule=unauthorizedRedeem, k=1, result=UNSATISFIABLE
[BMC] SolverResult: rule=unauthorizedAddBlackList, k=1, result=UNSATISFIABLE
[BMC] SolverResult: rule=unauthorizedDestroyBlackFund, k=1, result=UNSATISFIABLE
[BMC] SolverResult: rule=unauthorizedIssue, k=1, result=UNSATISFIABLE
[BMC] SolverResult: rule=negativeAllowance, k=1, result=UNSATISFIABLE
[BMC] SolverResult: rule=unequalBalance, k=1, result=UNSATISFIABLE
[BMC] SolverResult: rule=negativeBalance, k=1, result=UNSATISFIABLE
[BMC] SolverResult: rule=blacklistedTransfer, k=1, result=UNSATISFIABLE
[BMC] CheckBound: k=2
[BMC] SolverResult: rule=unauthorizedRedeem, k=2, result=UNSATISFIABLE
[BMC] SolverResult: rule=unauthorizedAddBlackList, k=2, result=UNSATISFIABLE
[BMC] SolverResult: rule=unauthorizedDestroyBlackFund, k=2, result=UNSATISFIABLE
[BMC] SolverResult: rule=unauthorizedIssue, k=2, result=UNSATISFIABLE
[BMC] SolverResult: rule=negativeAllowance, k=2, result=UNSATISFIABLE
[BMC] SolverResult: rule=unequalBalance, k=2, result=UNSATISFIABLE
[BMC] SolverResult: rule=negativeBalance, k=2, result=UNSATISFIABLE
[BMC] SolverResult: rule=blacklistedTransfer, k=2, result=UNSATISFIABLE
[BMC] CheckBound: k=3
[BMC] SolverResult: rule=unauthorizedRedeem, k=3, result=UNSATISFIABLE
[BMC] SolverResult: rule=unauthorizedAddBlackList, k=3, result=UNSATISFIABLE
[BMC] SolverResult: rule=unauthorizedDestroyBlackFund, k=3, result=UNSATISFIABLE
[BMC] SolverResult: rule=unauthorizedIssue, k=3, result=UNSATISFIABLE
[BMC] SolverResult: rule=negativeAllowance, k=3, result=UNSATISFIABLE
[BMC] SolverResult: rule=unequalBalance, k=3, result=UNSATISFIABLE
[BMC] SolverResult: rule=negativeBalance, k=3, result=UNSATISFIABLE
[BMC] SolverResult: rule=blacklistedTransfer, k=3, result=UNSATISFIABLE
[BMC] CheckBound: k=4
[BMC] SolverResult: rule=unauthorizedRedeem, k=4, result=UNSATISFIABLE
[BMC] SolverResult: rule=unauthorizedAddBlackList, k=4, result=UNSATISFIABLE
[BMC] SolverResult: rule=unauthorizedDestroyBlackFund, k=4, result=UNSATISFIABLE
[BMC] SolverResult: rule=unauthorizedIssue, k=4, result=UNSATISFIABLE
[BMC] SolverResult: rule=negativeAllowance, k=4, result=SATISFIABLE
[BMC] CounterexampleFound: rule=negativeAllowance, k=4
[BMC] CounterexampleReturned: rule=negativeAllowance, k=4
[tether.dl] Iteration#43 Counterexample:
Trace:
[0] constructor(0) [msgSender: 14, value: 0]
[1] recv_issue(address(14),38669) [msgSender: 14, value: 0]
[2] recv_increaseAllowance(address(14),address(14),39956) [msgSender: 15, value: 0]
[3] recv_addBlackList(address(14)) [msgSender: 14, value: 0]
[4] recv_transferFrom(address(14),address(14),address(20),20642) [msgSender: 21, value: 0]
[tether.dl] Iteration#43 RestrictedSolveStatus: relation=recv_transferFrom, status=SAT
[tether.dl] Iteration#43 ProgramAfterRestrictedSynthesis:
transferFrom(o,r,s,n) :- n>0,balanceOf(s,balanceOf_x1_1),n<allowance_x2_2,allowance(r,o,allowance_x2_2),recv_transferFrom(o,r,s,n),balanceOf_x1_1>0.
addBlackList(p) :- recv_addBlackList(p),owner(o),msgSender(s),o==s.
destroyBlackFund(p,n) :- msgSender(s),recv_destroyBlackFund(p,n),n<=balanceOf_x1,balanceOf(p,balanceOf_x1),owner(o),s==o.
transfer(s,r,n) :- recv_transfer(s,r,n),isBlackListed(s,isBlackListed_x1),isBlackListed_x1==false.
increaseAllowance(o,s,d) :- recv_increaseAllowance(o,s,d),d>0.
issue(p,n) :- msgSender(s),n>0,recv_issue(p,n),owner(o),s==o.
redeem(p,n) :- msgSender(s),recv_redeem(p,n),n<=balanceOf_x1,balanceOf(p,balanceOf_x1),owner(o),s==o.
[tether.dl] Iteration#43 SynthesisResult: updated
[tether.dl] Iteration#44 ProgramBeforeBMC:
transferFrom(o,r,s,n) :- n>0,balanceOf(s,balanceOf_x1_1),n<allowance_x2_2,allowance(r,o,allowance_x2_2),recv_transferFrom(o,r,s,n),balanceOf_x1_1>0.
addBlackList(p) :- recv_addBlackList(p),owner(o),msgSender(s),o==s.
destroyBlackFund(p,n) :- msgSender(s),recv_destroyBlackFund(p,n),n<=balanceOf_x1,balanceOf(p,balanceOf_x1),owner(o),s==o.
transfer(s,r,n) :- recv_transfer(s,r,n),isBlackListed(s,isBlackListed_x1),isBlackListed_x1==false.
increaseAllowance(o,s,d) :- recv_increaseAllowance(o,s,d),d>0.
issue(p,n) :- msgSender(s),n>0,recv_issue(p,n),owner(o),s==o.
redeem(p,n) :- msgSender(s),recv_redeem(p,n),n<=balanceOf_x1,balanceOf(p,balanceOf_x1),owner(o),s==o.
[tether.dl] Iteration#44 BMCInput: bound=5, violationRules=blacklistedTransfer,negativeAllowance,negativeBalance,unauthorizedAddBlackList,unauthorizedDestroyBlackFund,unauthorizedIssue,unauthorizedRedeem,unequalBalance
[BMC] TransitionSystemReady: program=Tether
[BMC] TemporalSpec(state): rule=negativeAllowance, formula=(and (= (select allowance (allowance_keyTuple kv_s kv_p)) kv_n)
     (select allowance__exists (allowance_keyTuple kv_s kv_p))
     (not (<= 0 kv_n))
     (not (= kv_s 0))
     (not (= kv_p 0)))
[BMC] TemporalSpec(state): rule=unequalBalance, formula=(and (= totalBalances kv_s) (= totalSupply kv_n) (not (= kv_s kv_n)))
[BMC] TemporalSpec(state): rule=negativeBalance, formula=(and (= (select balanceOf kv_p) kv_n)
     (select balanceOf__exists kv_p)
     (not (<= 0 kv_n))
     (not (= kv_p 0)))
[BMC] TemporalSpec(state): rule=blacklistedTransfer, formula=(and (= onceBlacklistedTransfer kv_b) kv_b)
[BMC] TemporalSpec(tx): rule=unauthorizedIssue, formula=(and (or (= recv_issue0 1))
     (= owner kv_o)
     (= msgSender kv_s)
     (not (= kv_s kv_o)))
[BMC] TemporalSpec(tx): rule=unauthorizedDestroyBlackFund, formula=(and (or (= recv_destroyBlackFund0 1))
     (= owner kv_o)
     (= msgSender kv_s)
     (not (= kv_s kv_o)))
[BMC] TemporalSpec(tx): rule=unauthorizedAddBlackList, formula=(and (or (= recv_addBlackList0 1))
     (= owner kv_o)
     (= msgSender kv_s)
     (not (= kv_o kv_s)))
[BMC] TemporalSpec(tx): rule=unauthorizedRedeem, formula=(and (or (= recv_redeem0 1))
     (= owner kv_o)
     (= msgSender kv_s)
     (not (= kv_s kv_o)))
[BMC] CheckBound: k=1
[BMC] SolverResult: rule=unauthorizedRedeem, k=1, result=UNSATISFIABLE
[BMC] SolverResult: rule=unauthorizedAddBlackList, k=1, result=UNSATISFIABLE
[BMC] SolverResult: rule=unauthorizedDestroyBlackFund, k=1, result=UNSATISFIABLE
[BMC] SolverResult: rule=unauthorizedIssue, k=1, result=UNSATISFIABLE
[BMC] SolverResult: rule=negativeAllowance, k=1, result=UNSATISFIABLE
[BMC] SolverResult: rule=unequalBalance, k=1, result=UNSATISFIABLE
[BMC] SolverResult: rule=negativeBalance, k=1, result=UNSATISFIABLE
[BMC] SolverResult: rule=blacklistedTransfer, k=1, result=UNSATISFIABLE
[BMC] CheckBound: k=2
[BMC] SolverResult: rule=unauthorizedRedeem, k=2, result=UNSATISFIABLE
[BMC] SolverResult: rule=unauthorizedAddBlackList, k=2, result=UNSATISFIABLE
[BMC] SolverResult: rule=unauthorizedDestroyBlackFund, k=2, result=UNSATISFIABLE
[BMC] SolverResult: rule=unauthorizedIssue, k=2, result=UNSATISFIABLE
[BMC] SolverResult: rule=negativeAllowance, k=2, result=UNSATISFIABLE
[BMC] SolverResult: rule=unequalBalance, k=2, result=UNSATISFIABLE
[BMC] SolverResult: rule=negativeBalance, k=2, result=UNSATISFIABLE
[BMC] SolverResult: rule=blacklistedTransfer, k=2, result=UNSATISFIABLE
[BMC] CheckBound: k=3
[BMC] SolverResult: rule=unauthorizedRedeem, k=3, result=UNSATISFIABLE
[BMC] SolverResult: rule=unauthorizedAddBlackList, k=3, result=UNSATISFIABLE
[BMC] SolverResult: rule=unauthorizedDestroyBlackFund, k=3, result=UNSATISFIABLE
[BMC] SolverResult: rule=unauthorizedIssue, k=3, result=UNSATISFIABLE
[BMC] SolverResult: rule=negativeAllowance, k=3, result=UNSATISFIABLE
[BMC] SolverResult: rule=unequalBalance, k=3, result=UNSATISFIABLE
[BMC] SolverResult: rule=negativeBalance, k=3, result=UNSATISFIABLE
[BMC] SolverResult: rule=blacklistedTransfer, k=3, result=UNSATISFIABLE
[BMC] CheckBound: k=4
[BMC] SolverResult: rule=unauthorizedRedeem, k=4, result=UNSATISFIABLE
[BMC] SolverResult: rule=unauthorizedAddBlackList, k=4, result=UNSATISFIABLE
[BMC] SolverResult: rule=unauthorizedDestroyBlackFund, k=4, result=UNSATISFIABLE
[BMC] SolverResult: rule=unauthorizedIssue, k=4, result=UNSATISFIABLE
[BMC] SolverResult: rule=negativeAllowance, k=4, result=SATISFIABLE
[BMC] CounterexampleFound: rule=negativeAllowance, k=4
[BMC] CounterexampleReturned: rule=negativeAllowance, k=4
[tether.dl] Iteration#44 Counterexample:
Trace:
[0] constructor(0) [msgSender: 2, value: 0]
[1] recv_addBlackList(address(11)) [msgSender: 2, value: 0]
[2] recv_issue(address(16),5609) [msgSender: 2, value: 0]
[3] recv_increaseAllowance(address(11),address(11),47422) [msgSender: 12, value: 0]
[4] recv_transferFrom(address(11),address(11),address(16),21639) [msgSender: 17, value: 0]
[tether.dl] Iteration#44 RestrictedSolveStatus: relation=recv_transferFrom, status=SAT
[tether.dl] Iteration#44 ProgramAfterRestrictedSynthesis:
addBlackList(p) :- recv_addBlackList(p),owner(o),msgSender(s),o==s.
destroyBlackFund(p,n) :- msgSender(s),recv_destroyBlackFund(p,n),n<=balanceOf_x1,balanceOf(p,balanceOf_x1),owner(o),s==o.
transfer(s,r,n) :- recv_transfer(s,r,n),isBlackListed(s,isBlackListed_x1),isBlackListed_x1==false.
increaseAllowance(o,s,d) :- recv_increaseAllowance(o,s,d),d>0.
issue(p,n) :- msgSender(s),n>0,recv_issue(p,n),owner(o),s==o.
redeem(p,n) :- msgSender(s),recv_redeem(p,n),n<=balanceOf_x1,balanceOf(p,balanceOf_x1),owner(o),s==o.
transferFrom(o,r,s,n) :- n>0,balanceOf(s,balanceOf_x1_1),n<=allowance_x2_2,recv_transferFrom(o,r,s,n),n<balanceOf_x1_1,allowance(r,o,allowance_x2_2).
[tether.dl] Iteration#44 SynthesisResult: updated
[tether.dl] Iteration#45 ProgramBeforeBMC:
addBlackList(p) :- recv_addBlackList(p),owner(o),msgSender(s),o==s.
destroyBlackFund(p,n) :- msgSender(s),recv_destroyBlackFund(p,n),n<=balanceOf_x1,balanceOf(p,balanceOf_x1),owner(o),s==o.
transfer(s,r,n) :- recv_transfer(s,r,n),isBlackListed(s,isBlackListed_x1),isBlackListed_x1==false.
increaseAllowance(o,s,d) :- recv_increaseAllowance(o,s,d),d>0.
issue(p,n) :- msgSender(s),n>0,recv_issue(p,n),owner(o),s==o.
redeem(p,n) :- msgSender(s),recv_redeem(p,n),n<=balanceOf_x1,balanceOf(p,balanceOf_x1),owner(o),s==o.
transferFrom(o,r,s,n) :- n>0,balanceOf(s,balanceOf_x1_1),n<=allowance_x2_2,recv_transferFrom(o,r,s,n),n<balanceOf_x1_1,allowance(r,o,allowance_x2_2).
[tether.dl] Iteration#45 BMCInput: bound=5, violationRules=blacklistedTransfer,negativeAllowance,negativeBalance,unauthorizedAddBlackList,unauthorizedDestroyBlackFund,unauthorizedIssue,unauthorizedRedeem,unequalBalance
[BMC] TransitionSystemReady: program=Tether
[BMC] TemporalSpec(state): rule=negativeAllowance, formula=(and (= (select allowance (allowance_keyTuple kv_s kv_p)) kv_n)
     (select allowance__exists (allowance_keyTuple kv_s kv_p))
     (not (<= 0 kv_n))
     (not (= kv_s 0))
     (not (= kv_p 0)))
[BMC] TemporalSpec(state): rule=unequalBalance, formula=(and (= totalBalances kv_s) (= totalSupply kv_n) (not (= kv_s kv_n)))
[BMC] TemporalSpec(state): rule=negativeBalance, formula=(and (= (select balanceOf kv_p) kv_n)
     (select balanceOf__exists kv_p)
     (not (<= 0 kv_n))
     (not (= kv_p 0)))
[BMC] TemporalSpec(state): rule=blacklistedTransfer, formula=(and (= onceBlacklistedTransfer kv_b) kv_b)
[BMC] TemporalSpec(tx): rule=unauthorizedIssue, formula=(and (or (= recv_issue0 1))
     (= owner kv_o)
     (= msgSender kv_s)
     (not (= kv_s kv_o)))
[BMC] TemporalSpec(tx): rule=unauthorizedDestroyBlackFund, formula=(and (or (= recv_destroyBlackFund0 1))
     (= owner kv_o)
     (= msgSender kv_s)
     (not (= kv_s kv_o)))
[BMC] TemporalSpec(tx): rule=unauthorizedAddBlackList, formula=(and (or (= recv_addBlackList0 1))
     (= owner kv_o)
     (= msgSender kv_s)
     (not (= kv_o kv_s)))
[BMC] TemporalSpec(tx): rule=unauthorizedRedeem, formula=(and (or (= recv_redeem0 1))
     (= owner kv_o)
     (= msgSender kv_s)
     (not (= kv_s kv_o)))
[BMC] CheckBound: k=1
[BMC] SolverResult: rule=unauthorizedRedeem, k=1, result=UNSATISFIABLE
[BMC] SolverResult: rule=unauthorizedAddBlackList, k=1, result=UNSATISFIABLE
[BMC] SolverResult: rule=unauthorizedDestroyBlackFund, k=1, result=UNSATISFIABLE
[BMC] SolverResult: rule=unauthorizedIssue, k=1, result=UNSATISFIABLE
[BMC] SolverResult: rule=negativeAllowance, k=1, result=UNSATISFIABLE
[BMC] SolverResult: rule=unequalBalance, k=1, result=UNSATISFIABLE
[BMC] SolverResult: rule=negativeBalance, k=1, result=UNSATISFIABLE
[BMC] SolverResult: rule=blacklistedTransfer, k=1, result=UNSATISFIABLE
[BMC] CheckBound: k=2
[BMC] SolverResult: rule=unauthorizedRedeem, k=2, result=UNSATISFIABLE
[BMC] SolverResult: rule=unauthorizedAddBlackList, k=2, result=UNSATISFIABLE
[BMC] SolverResult: rule=unauthorizedDestroyBlackFund, k=2, result=UNSATISFIABLE
[BMC] SolverResult: rule=unauthorizedIssue, k=2, result=UNSATISFIABLE
[BMC] SolverResult: rule=negativeAllowance, k=2, result=UNSATISFIABLE
[BMC] SolverResult: rule=unequalBalance, k=2, result=UNSATISFIABLE
[BMC] SolverResult: rule=negativeBalance, k=2, result=UNSATISFIABLE
[BMC] SolverResult: rule=blacklistedTransfer, k=2, result=UNSATISFIABLE
[BMC] CheckBound: k=3
[BMC] SolverResult: rule=unauthorizedRedeem, k=3, result=UNSATISFIABLE
[BMC] SolverResult: rule=unauthorizedAddBlackList, k=3, result=UNSATISFIABLE
[BMC] SolverResult: rule=unauthorizedDestroyBlackFund, k=3, result=UNSATISFIABLE
[BMC] SolverResult: rule=unauthorizedIssue, k=3, result=UNSATISFIABLE
[BMC] SolverResult: rule=negativeAllowance, k=3, result=UNSATISFIABLE
[BMC] SolverResult: rule=unequalBalance, k=3, result=UNSATISFIABLE
[BMC] SolverResult: rule=negativeBalance, k=3, result=UNSATISFIABLE
[BMC] SolverResult: rule=blacklistedTransfer, k=3, result=UNSATISFIABLE
[BMC] CheckBound: k=4
[BMC] SolverResult: rule=unauthorizedRedeem, k=4, result=UNSATISFIABLE
[BMC] SolverResult: rule=unauthorizedAddBlackList, k=4, result=UNSATISFIABLE
[BMC] SolverResult: rule=unauthorizedDestroyBlackFund, k=4, result=UNSATISFIABLE
[BMC] SolverResult: rule=unauthorizedIssue, k=4, result=UNSATISFIABLE
[BMC] SolverResult: rule=negativeAllowance, k=4, result=SATISFIABLE
[BMC] CounterexampleFound: rule=negativeAllowance, k=4
[BMC] CounterexampleReturned: rule=negativeAllowance, k=4
[tether.dl] Iteration#45 Counterexample:
Trace:
[0] constructor(0) [msgSender: 2, value: 0]
[1] recv_increaseAllowance(address(13),address(13),187041) [msgSender: 2, value: 0]
[2] recv_issue(address(19),304635) [msgSender: 2, value: 0]
[3] recv_addBlackList(address(13)) [msgSender: 2, value: 0]
[4] recv_transferFrom(address(13),address(13),address(19),187041) [msgSender: 20, value: 0]
[tether.dl] Iteration#45 RestrictedSolveStatus: relation=recv_transferFrom, status=SAT
[tether.dl] Iteration#45 ProgramAfterRestrictedSynthesis:
addBlackList(p) :- recv_addBlackList(p),owner(o),msgSender(s),o==s.
destroyBlackFund(p,n) :- msgSender(s),recv_destroyBlackFund(p,n),n<=balanceOf_x1,balanceOf(p,balanceOf_x1),owner(o),s==o.
increaseAllowance(o,s,d) :- recv_increaseAllowance(o,s,d),d>0.
issue(p,n) :- msgSender(s),n>0,recv_issue(p,n),owner(o),s==o.
redeem(p,n) :- msgSender(s),recv_redeem(p,n),n<=balanceOf_x1,balanceOf(p,balanceOf_x1),owner(o),s==o.
transferFrom(o,r,s,n) :- n>0,n<allowance_x2_1,recv_transferFrom(o,r,s,n),n<=balanceOf_x1_2,allowance(o,r,allowance_x2_1),balanceOf(s,balanceOf_x1_2).
transfer(s,r,n) :- recv_transfer(s,r,n),isBlackListed(s,isBlackListed_x1),isBlackListed_x1==false.
[tether.dl] Iteration#45 SynthesisResult: updated
[tether.dl] Iteration#46 ProgramBeforeBMC:
addBlackList(p) :- recv_addBlackList(p),owner(o),msgSender(s),o==s.
destroyBlackFund(p,n) :- msgSender(s),recv_destroyBlackFund(p,n),n<=balanceOf_x1,balanceOf(p,balanceOf_x1),owner(o),s==o.
increaseAllowance(o,s,d) :- recv_increaseAllowance(o,s,d),d>0.
issue(p,n) :- msgSender(s),n>0,recv_issue(p,n),owner(o),s==o.
redeem(p,n) :- msgSender(s),recv_redeem(p,n),n<=balanceOf_x1,balanceOf(p,balanceOf_x1),owner(o),s==o.
transferFrom(o,r,s,n) :- n>0,n<allowance_x2_1,recv_transferFrom(o,r,s,n),n<=balanceOf_x1_2,allowance(o,r,allowance_x2_1),balanceOf(s,balanceOf_x1_2).
transfer(s,r,n) :- recv_transfer(s,r,n),isBlackListed(s,isBlackListed_x1),isBlackListed_x1==false.
[tether.dl] Iteration#46 BMCInput: bound=5, violationRules=blacklistedTransfer,negativeAllowance,negativeBalance,unauthorizedAddBlackList,unauthorizedDestroyBlackFund,unauthorizedIssue,unauthorizedRedeem,unequalBalance
[BMC] TransitionSystemReady: program=Tether
[BMC] TemporalSpec(state): rule=negativeAllowance, formula=(and (= (select allowance (allowance_keyTuple kv_s kv_p)) kv_n)
     (select allowance__exists (allowance_keyTuple kv_s kv_p))
     (not (<= 0 kv_n))
     (not (= kv_s 0))
     (not (= kv_p 0)))
[BMC] TemporalSpec(state): rule=unequalBalance, formula=(and (= totalBalances kv_s) (= totalSupply kv_n) (not (= kv_s kv_n)))
[BMC] TemporalSpec(state): rule=negativeBalance, formula=(and (= (select balanceOf kv_p) kv_n)
     (select balanceOf__exists kv_p)
     (not (<= 0 kv_n))
     (not (= kv_p 0)))
[BMC] TemporalSpec(state): rule=blacklistedTransfer, formula=(and (= onceBlacklistedTransfer kv_b) kv_b)
[BMC] TemporalSpec(tx): rule=unauthorizedIssue, formula=(and (or (= recv_issue0 1))
     (= owner kv_o)
     (= msgSender kv_s)
     (not (= kv_s kv_o)))
[BMC] TemporalSpec(tx): rule=unauthorizedDestroyBlackFund, formula=(and (or (= recv_destroyBlackFund0 1))
     (= owner kv_o)
     (= msgSender kv_s)
     (not (= kv_s kv_o)))
[BMC] TemporalSpec(tx): rule=unauthorizedAddBlackList, formula=(and (or (= recv_addBlackList0 1))
     (= owner kv_o)
     (= msgSender kv_s)
     (not (= kv_o kv_s)))
[BMC] TemporalSpec(tx): rule=unauthorizedRedeem, formula=(and (or (= recv_redeem0 1))
     (= owner kv_o)
     (= msgSender kv_s)
     (not (= kv_s kv_o)))
[BMC] CheckBound: k=1
[BMC] SolverResult: rule=unauthorizedRedeem, k=1, result=UNSATISFIABLE
[BMC] SolverResult: rule=unauthorizedAddBlackList, k=1, result=UNSATISFIABLE
[BMC] SolverResult: rule=unauthorizedDestroyBlackFund, k=1, result=UNSATISFIABLE
[BMC] SolverResult: rule=unauthorizedIssue, k=1, result=UNSATISFIABLE
[BMC] SolverResult: rule=negativeAllowance, k=1, result=UNSATISFIABLE
[BMC] SolverResult: rule=unequalBalance, k=1, result=UNSATISFIABLE
[BMC] SolverResult: rule=negativeBalance, k=1, result=UNSATISFIABLE
[BMC] SolverResult: rule=blacklistedTransfer, k=1, result=UNSATISFIABLE
[BMC] CheckBound: k=2
[BMC] SolverResult: rule=unauthorizedRedeem, k=2, result=UNSATISFIABLE
[BMC] SolverResult: rule=unauthorizedAddBlackList, k=2, result=UNSATISFIABLE
[BMC] SolverResult: rule=unauthorizedDestroyBlackFund, k=2, result=UNSATISFIABLE
[BMC] SolverResult: rule=unauthorizedIssue, k=2, result=UNSATISFIABLE
[BMC] SolverResult: rule=negativeAllowance, k=2, result=UNSATISFIABLE
[BMC] SolverResult: rule=unequalBalance, k=2, result=UNSATISFIABLE
[BMC] SolverResult: rule=negativeBalance, k=2, result=UNSATISFIABLE
[BMC] SolverResult: rule=blacklistedTransfer, k=2, result=UNSATISFIABLE
[BMC] CheckBound: k=3
[BMC] SolverResult: rule=unauthorizedRedeem, k=3, result=UNSATISFIABLE
[BMC] SolverResult: rule=unauthorizedAddBlackList, k=3, result=UNSATISFIABLE
[BMC] SolverResult: rule=unauthorizedDestroyBlackFund, k=3, result=UNSATISFIABLE
[BMC] SolverResult: rule=unauthorizedIssue, k=3, result=UNSATISFIABLE
[BMC] SolverResult: rule=negativeAllowance, k=3, result=UNSATISFIABLE
[BMC] SolverResult: rule=unequalBalance, k=3, result=UNSATISFIABLE
[BMC] SolverResult: rule=negativeBalance, k=3, result=UNSATISFIABLE
[BMC] SolverResult: rule=blacklistedTransfer, k=3, result=UNSATISFIABLE
[BMC] CheckBound: k=4
[BMC] SolverResult: rule=unauthorizedRedeem, k=4, result=UNSATISFIABLE
[BMC] SolverResult: rule=unauthorizedAddBlackList, k=4, result=UNSATISFIABLE
[BMC] SolverResult: rule=unauthorizedDestroyBlackFund, k=4, result=UNSATISFIABLE
[BMC] SolverResult: rule=unauthorizedIssue, k=4, result=UNSATISFIABLE
[BMC] SolverResult: rule=negativeAllowance, k=4, result=SATISFIABLE
[BMC] CounterexampleFound: rule=negativeAllowance, k=4
[BMC] CounterexampleReturned: rule=negativeAllowance, k=4
[tether.dl] Iteration#46 Counterexample:
Trace:
[0] constructor(0) [msgSender: 11, value: 0]
[1] recv_increaseAllowance(address(13),address(13),29587) [msgSender: 11, value: 0]
[2] recv_addBlackList(address(13)) [msgSender: 11, value: 0]
[3] recv_issue(address(14),42286) [msgSender: 11, value: 0]
[4] recv_transferFrom(address(13),address(13),address(14),29586) [msgSender: 15, value: 0]
[tether.dl] Iteration#46 RestrictedSolveStatus: relation=recv_transferFrom, status=SAT
[tether.dl] Iteration#46 ProgramAfterRestrictedSynthesis:
addBlackList(p) :- recv_addBlackList(p),owner(o),msgSender(s),o==s.
destroyBlackFund(p,n) :- msgSender(s),recv_destroyBlackFund(p,n),n<=balanceOf_x1,balanceOf(p,balanceOf_x1),owner(o),s==o.
transfer(s,r,n) :- recv_transfer(s,r,n),isBlackListed(s,isBlackListed_x1),isBlackListed_x1==false.
increaseAllowance(o,s,d) :- recv_increaseAllowance(o,s,d),d>0.
issue(p,n) :- msgSender(s),n>0,recv_issue(p,n),owner(o),s==o.
redeem(p,n) :- msgSender(s),recv_redeem(p,n),n<=balanceOf_x1,balanceOf(p,balanceOf_x1),owner(o),s==o.
transferFrom(o,r,s,n) :- n>0,isBlackListed(msgSender,isBlackListed_x1_3),msgSender(msgSender),recv_transferFrom(o,r,s,n),n<=balanceOf_x1_2,n<allowance_x2_1,isBlackListed_x1_3==false,allowance(s,r,allowance_x2_1),balanceOf(o,balanceOf_x1_2).
[tether.dl] Iteration#46 SynthesisResult: updated
[tether.dl] Iteration#47 ProgramBeforeBMC:
addBlackList(p) :- recv_addBlackList(p),owner(o),msgSender(s),o==s.
destroyBlackFund(p,n) :- msgSender(s),recv_destroyBlackFund(p,n),n<=balanceOf_x1,balanceOf(p,balanceOf_x1),owner(o),s==o.
transfer(s,r,n) :- recv_transfer(s,r,n),isBlackListed(s,isBlackListed_x1),isBlackListed_x1==false.
increaseAllowance(o,s,d) :- recv_increaseAllowance(o,s,d),d>0.
issue(p,n) :- msgSender(s),n>0,recv_issue(p,n),owner(o),s==o.
redeem(p,n) :- msgSender(s),recv_redeem(p,n),n<=balanceOf_x1,balanceOf(p,balanceOf_x1),owner(o),s==o.
transferFrom(o,r,s,n) :- n>0,isBlackListed(msgSender,isBlackListed_x1_3),msgSender(msgSender),recv_transferFrom(o,r,s,n),n<=balanceOf_x1_2,n<allowance_x2_1,isBlackListed_x1_3==false,allowance(s,r,allowance_x2_1),balanceOf(o,balanceOf_x1_2).
[tether.dl] Iteration#47 BMCInput: bound=5, violationRules=blacklistedTransfer,negativeAllowance,negativeBalance,unauthorizedAddBlackList,unauthorizedDestroyBlackFund,unauthorizedIssue,unauthorizedRedeem,unequalBalance
[BMC] TransitionSystemReady: program=Tether
[BMC] TemporalSpec(state): rule=negativeAllowance, formula=(and (= (select allowance (allowance_keyTuple kv_s kv_p)) kv_n)
     (select allowance__exists (allowance_keyTuple kv_s kv_p))
     (not (<= 0 kv_n))
     (not (= kv_s 0))
     (not (= kv_p 0)))
[BMC] TemporalSpec(state): rule=unequalBalance, formula=(and (= totalBalances kv_s) (= totalSupply kv_n) (not (= kv_s kv_n)))
[BMC] TemporalSpec(state): rule=negativeBalance, formula=(and (= (select balanceOf kv_p) kv_n)
     (select balanceOf__exists kv_p)
     (not (<= 0 kv_n))
     (not (= kv_p 0)))
[BMC] TemporalSpec(state): rule=blacklistedTransfer, formula=(and (= onceBlacklistedTransfer kv_b) kv_b)
[BMC] TemporalSpec(tx): rule=unauthorizedIssue, formula=(and (or (= recv_issue0 1))
     (= owner kv_o)
     (= msgSender kv_s)
     (not (= kv_s kv_o)))
[BMC] TemporalSpec(tx): rule=unauthorizedDestroyBlackFund, formula=(and (or (= recv_destroyBlackFund0 1))
     (= owner kv_o)
     (= msgSender kv_s)
     (not (= kv_s kv_o)))
[BMC] TemporalSpec(tx): rule=unauthorizedAddBlackList, formula=(and (or (= recv_addBlackList0 1))
     (= owner kv_o)
     (= msgSender kv_s)
     (not (= kv_o kv_s)))
[BMC] TemporalSpec(tx): rule=unauthorizedRedeem, formula=(and (or (= recv_redeem0 1))
     (= owner kv_o)
     (= msgSender kv_s)
     (not (= kv_s kv_o)))
[BMC] CheckBound: k=1
[BMC] SolverResult: rule=unauthorizedRedeem, k=1, result=UNSATISFIABLE
[BMC] SolverResult: rule=unauthorizedAddBlackList, k=1, result=UNSATISFIABLE
[BMC] SolverResult: rule=unauthorizedDestroyBlackFund, k=1, result=UNSATISFIABLE
[BMC] SolverResult: rule=unauthorizedIssue, k=1, result=UNSATISFIABLE
[BMC] SolverResult: rule=negativeAllowance, k=1, result=UNSATISFIABLE
[BMC] SolverResult: rule=unequalBalance, k=1, result=UNSATISFIABLE
[BMC] SolverResult: rule=negativeBalance, k=1, result=UNSATISFIABLE
[BMC] SolverResult: rule=blacklistedTransfer, k=1, result=UNSATISFIABLE
[BMC] CheckBound: k=2
[BMC] SolverResult: rule=unauthorizedRedeem, k=2, result=UNSATISFIABLE
[BMC] SolverResult: rule=unauthorizedAddBlackList, k=2, result=UNSATISFIABLE
[BMC] SolverResult: rule=unauthorizedDestroyBlackFund, k=2, result=UNSATISFIABLE
[BMC] SolverResult: rule=unauthorizedIssue, k=2, result=UNSATISFIABLE
[BMC] SolverResult: rule=negativeAllowance, k=2, result=UNSATISFIABLE
[BMC] SolverResult: rule=unequalBalance, k=2, result=UNSATISFIABLE
[BMC] SolverResult: rule=negativeBalance, k=2, result=UNSATISFIABLE
[BMC] SolverResult: rule=blacklistedTransfer, k=2, result=UNSATISFIABLE
[BMC] CheckBound: k=3
[BMC] SolverResult: rule=unauthorizedRedeem, k=3, result=UNSATISFIABLE
[BMC] SolverResult: rule=unauthorizedAddBlackList, k=3, result=UNSATISFIABLE
[BMC] SolverResult: rule=unauthorizedDestroyBlackFund, k=3, result=UNSATISFIABLE
[BMC] SolverResult: rule=unauthorizedIssue, k=3, result=UNSATISFIABLE
[BMC] SolverResult: rule=negativeAllowance, k=3, result=UNSATISFIABLE
[BMC] SolverResult: rule=unequalBalance, k=3, result=UNSATISFIABLE
[BMC] SolverResult: rule=negativeBalance, k=3, result=UNSATISFIABLE
[BMC] SolverResult: rule=blacklistedTransfer, k=3, result=UNSATISFIABLE
[BMC] CheckBound: k=4
[BMC] SolverResult: rule=unauthorizedRedeem, k=4, result=UNSATISFIABLE
[BMC] SolverResult: rule=unauthorizedAddBlackList, k=4, result=UNSATISFIABLE
[BMC] SolverResult: rule=unauthorizedDestroyBlackFund, k=4, result=UNSATISFIABLE
[BMC] SolverResult: rule=unauthorizedIssue, k=4, result=UNSATISFIABLE
[BMC] SolverResult: rule=negativeAllowance, k=4, result=UNSATISFIABLE
[BMC] SolverResult: rule=unequalBalance, k=4, result=UNSATISFIABLE
[BMC] SolverResult: rule=negativeBalance, k=4, result=UNSATISFIABLE
[BMC] SolverResult: rule=blacklistedTransfer, k=4, result=UNSATISFIABLE
[BMC] CheckBound: k=5
[BMC] SolverResult: rule=unauthorizedRedeem, k=5, result=UNSATISFIABLE
[BMC] SolverResult: rule=unauthorizedAddBlackList, k=5, result=UNSATISFIABLE
[BMC] SolverResult: rule=unauthorizedDestroyBlackFund, k=5, result=UNSATISFIABLE
[BMC] SolverResult: rule=unauthorizedIssue, k=5, result=UNSATISFIABLE
[BMC] SolverResult: rule=negativeAllowance, k=5, result=UNSATISFIABLE
[BMC] SolverResult: rule=unequalBalance, k=5, result=UNSATISFIABLE
[BMC] SolverResult: rule=negativeBalance, k=5, result=UNSATISFIABLE
[BMC] SolverResult: rule=blacklistedTransfer, k=5, result=UNSATISFIABLE
[BMC] CheckFinished: no-counterexample-within-bound
[tether.dl] Iteration#47 BMCResult: no-counterexample
[tether.dl] BenchmarkEnd: reason=sat, totalTimeMs=36703, bmcTimeMs=15183, cegisIterations=47, finalRules=
addBlackList(p) :- recv_addBlackList(p),owner(o),msgSender(s),o==s.
destroyBlackFund(p,n) :- msgSender(s),recv_destroyBlackFund(p,n),n<=balanceOf_x1,balanceOf(p,balanceOf_x1),owner(o),s==o.
transfer(s,r,n) :- recv_transfer(s,r,n),isBlackListed(s,isBlackListed_x1),isBlackListed_x1==false.
increaseAllowance(o,s,d) :- recv_increaseAllowance(o,s,d),d>0.
issue(p,n) :- msgSender(s),n>0,recv_issue(p,n),owner(o),s==o.
redeem(p,n) :- msgSender(s),recv_redeem(p,n),n<=balanceOf_x1,balanceOf(p,balanceOf_x1),owner(o),s==o.
transferFrom(o,r,s,n) :- n>0,isBlackListed(msgSender,isBlackListed_x1_3),msgSender(msgSender),recv_transferFrom(o,r,s,n),n<=balanceOf_x1_2,n<allowance_x2_1,isBlackListed_x1_3==false,allowance(s,r,allowance_x2_1),balanceOf(o,balanceOf_x1_2).
